{
  "minecraft:recipes/tools/fishing_rod": {
    "criteria": {
      "has_string": "2021-06-03 10:58:44 +0800"
    },
    "done": true
  },
  "minecraft:recipes/decorations/purple_stained_glass_pane": {
    "criteria": {
      "has_glass": "2021-05-29 00:29:21 +0800"
    },
    "done": true
  },
  "minecraft:recipes/building_blocks/black_stained_glass": {
    "criteria": {
      "has_glass": "2021-05-29 00:29:21 +0800"
    },
    "done": true
  },
  "minecraft:recipes/building_blocks/purple_wool": {
    "criteria": {
      "has_white_wool": "2021-06-08 01:36:44 +0800"
    },
    "done": true
  },
  "minecraft:recipes/building_blocks/red_stained_hardened_clay": {
    "criteria": {
      "has_hardened_clay": "2021-05-30 02:28:12 +0800"
    },
    "done": true
  },
  "minecraft:recipes/redstone/lever": {
    "criteria": {
      "has_cobblestone": "2021-05-28 21:54:06 +0800"
    },
    "done": true
  },
  "minecraft:recipes/building_blocks/magenta_concrete_powder": {
    "criteria": {
      "has_sand": "2021-05-29 00:27:58 +0800"
    },
    "done": true
  },
  "minecraft:recipes/combat/iron_sword": {
    "criteria": {
      "has_iron_ingot": "2021-05-29 00:36:35 +0800"
    },
    "done": true
  },
  "minecraft:recipes/redstone/observer": {
    "criteria": {
      "has_quartz": "2021-05-31 17:46:53 +0800"
    },
    "done": true
  },
  "minecraft:recipes/misc/writable_book": {
    "criteria": {
      "has_book": "2021-05-29 21:50:47 +0800"
    },
    "done": true
  },
  "minecraft:recipes/building_blocks/oak_wooden_slab": {
    "criteria": {
      "has_planks": "2021-05-29 02:11:31 +0800"
    },
    "done": true
  },
  "minecraft:recipes/redstone/spruce_door": {
    "criteria": {
      "has_planks": "2021-05-29 17:18:28 +0800"
    },
    "done": true
  },
  "astralsorcery:root": {
    "criteria": {
      "astralsorcery_present": "2021-05-28 00:05:34 +0800"
    },
    "done": true
  },
  "minecraft:recipes/decorations/white_bed": {
    "criteria": {
      "has_white_wool": "2021-06-08 01:36:44 +0800"
    },
    "done": true
  },
  "minecraft:recipes/building_blocks/lime_concrete_powder": {
    "criteria": {
      "has_sand": "2021-05-29 00:27:58 +0800"
    },
    "done": true
  },
  "minecraft:recipes/building_blocks/gray_stained_glass": {
    "criteria": {
      "has_glass": "2021-05-29 00:29:21 +0800"
    },
    "done": true
  },
  "minecraft:recipes/tools/iron_pickaxe": {
    "criteria": {
      "has_iron_ingot": "2021-05-29 00:36:35 +0800"
    },
    "done": true
  },
  "minecraft:recipes/building_blocks/yellow_concrete_powder": {
    "criteria": {
      "has_sand": "2021-05-29 00:27:58 +0800"
    },
    "done": true
  },
  "minecraft:recipes/redstone/spruce_fence_gate": {
    "criteria": {
      "has_planks": "2021-05-29 17:18:28 +0800"
    },
    "done": true
  },
  "minecraft:recipes/misc/pumpkin_seeds": {
    "criteria": {
      "has_pumpkin": "2021-05-29 00:38:02 +0800"
    },
    "done": true
  },
  "minecraft:recipes/combat/leather_helmet": {
    "criteria": {
      "has_leather": "2021-05-29 21:49:44 +0800"
    },
    "done": true
  },
  "minecraft:recipes/decorations/crafting_table": {
    "criteria": {
      "has_planks": "2021-05-29 02:11:31 +0800"
    },
    "done": true
  },
  "minecraft:recipes/building_blocks/magenta_wool": {
    "criteria": {
      "has_white_wool": "2021-06-08 01:36:44 +0800"
    },
    "done": true
  },
  "minecraft:recipes/tools/golden_hoe": {
    "criteria": {
      "has_gold_ingot": "2021-05-30 01:01:33 +0800"
    },
    "done": true
  },
  "minecraft:recipes/food/bread": {
    "criteria": {
      "has_wheat": "2021-05-28 23:01:32 +0800"
    },
    "done": true
  },
  "minecraft:recipes/building_blocks/purple_stained_glass": {
    "criteria": {
      "has_glass": "2021-05-29 00:29:21 +0800"
    },
    "done": true
  },
  "minecraft:recipes/misc/melon_seeds": {
    "criteria": {
      "has_melon": "2021-05-29 01:48:33 +0800"
    },
    "done": true
  },
  "minecraft:recipes/redstone/trapdoor": {
    "criteria": {
      "has_planks": "2021-05-29 02:11:31 +0800"
    },
    "done": true
  },
  "minecraft:recipes/decorations/ladder": {
    "criteria": {
      "has_stick": "2021-05-28 00:47:47 +0800"
    },
    "done": true
  },
  "minecraft:recipes/decorations/lime_stained_glass_pane": {
    "criteria": {
      "has_glass": "2021-05-29 00:29:21 +0800"
    },
    "done": true
  },
  "minecraft:recipes/building_blocks/black_stained_hardened_clay": {
    "criteria": {
      "has_hardened_clay": "2021-05-30 02:28:12 +0800"
    },
    "done": true
  },
  "minecraft:recipes/misc/iron_nugget": {
    "criteria": {
      "has_iron_ingot": "2021-05-29 00:36:35 +0800"
    },
    "done": true
  },
  "minecraft:recipes/decorations/chest": {
    "criteria": {
      "has_lots_of_items": "2021-05-28 00:48:56 +0800"
    },
    "done": true
  },
  "minecraft:recipes/combat/golden_sword": {
    "criteria": {
      "has_gold_ingot": "2021-05-30 01:01:33 +0800"
    },
    "done": true
  },
  "minecraft:recipes/building_blocks/white_stained_hardened_clay": {
    "criteria": {
      "has_hardened_clay": "2021-05-30 02:28:12 +0800"
    },
    "done": true
  },
  "minecraft:recipes/building_blocks/brown_concrete_powder": {
    "criteria": {
      "has_sand": "2021-05-29 00:27:58 +0800"
    },
    "done": true
  },
  "minecraft:recipes/decorations/magenta_stained_glass_pane": {
    "criteria": {
      "has_glass": "2021-05-29 00:29:21 +0800"
    },
    "done": true
  },
  "minecraft:recipes/building_blocks/red_sandstone": {
    "criteria": {
      "has_sand": "2021-05-31 14:28:35 +0800"
    },
    "done": true
  },
  "minecraft:recipes/tools/wooden_shovel": {
    "criteria": {
      "has_stick": "2021-05-28 00:47:47 +0800"
    },
    "done": true
  },
  "minecraft:recipes/decorations/torch": {
    "criteria": {
      "has_stone_pickaxe": "2021-05-29 00:28:43 +0800"
    },
    "done": true
  },
  "minecraft:recipes/decorations/cyan_stained_glass_pane": {
    "criteria": {
      "has_glass": "2021-05-29 00:29:21 +0800"
    },
    "done": true
  },
  "minecraft:recipes/combat/diamond_sword": {
    "criteria": {
      "has_diamond": "2021-05-30 01:20:27 +0800"
    },
    "done": true
  },
  "enderiomachines:basics/alloy/1_alloy_smelter_get": {
    "criteria": {
      "inv_changed-enderio:block_simple_alloy_smelter": "2021-06-03 16:36:00 +0800"
    },
    "done": true
  },
  "minecraft:recipes/building_blocks/blue_stained_glass": {
    "criteria": {
      "has_glass": "2021-05-29 00:29:21 +0800"
    },
    "done": true
  },
  "enderio:gears/g3_iron_gear": {
    "criteria": {
      "inv_changed-enderio:item_material": "2021-06-03 15:27:18 +0800"
    },
    "done": true
  },
  "minecraft:recipes/building_blocks/cyan_wool": {
    "criteria": {
      "has_white_wool": "2021-06-08 01:36:44 +0800"
    },
    "done": true
  },
  "minecraft:recipes/tools/shears": {
    "criteria": {
      "has_iron_ingot": "2021-05-29 00:36:35 +0800"
    },
    "done": true
  },
  "minecraft:recipes/building_blocks/lime_stained_hardened_clay": {
    "criteria": {
      "has_hardened_clay": "2021-05-30 02:28:12 +0800"
    },
    "done": true
  },
  "minecraft:recipes/misc/stick": {
    "criteria": {
      "has_planks": "2021-05-29 02:11:31 +0800"
    },
    "done": true
  },
  "minecraft:recipes/decorations/sign": {
    "criteria": {
      "has_planks": "2021-05-29 02:11:31 +0800"
    },
    "done": true
  },
  "appliedenergistics2:main/crafting_cpu": {
    "criteria": {
      "c4k": "2021-05-31 19:12:18 +0800"
    },
    "done": true
  },
  "minecraft:recipes/transportation/spruce_boat": {
    "criteria": {
      "entered_water": "2021-05-29 00:37:01 +0800"
    },
    "done": true
  },
  "minecraft:recipes/decorations/jukebox": {
    "criteria": {
      "has_diamond": "2021-05-30 01:20:27 +0800"
    },
    "done": true
  },
  "minecraft:recipes/building_blocks/diorite": {
    "criteria": {
      "has_quartz": "2021-05-31 17:46:53 +0800"
    },
    "done": true
  },
  "minecraft:recipes/tools/flint_and_steel": {
    "criteria": {
      "has_flint": "2021-05-29 14:16:46 +0800"
    },
    "done": true
  },
  "minecraft:recipes/misc/red_dye_from_beetroot": {
    "criteria": {
      "has_beetroot": "2021-06-05 01:20:52 +0800"
    },
    "done": true
  },
  "minecraft:recipes/building_blocks/emerald_block": {
    "criteria": {
      "has_at_least_9_emerald": "2021-06-08 00:24:08 +0800"
    },
    "done": true
  },
  "minecraft:recipes/food/mushroom_stew": {
    "criteria": {
      "has_bowl": "2021-06-11 18:30:07 +0800"
    },
    "done": true
  },
  "minecraft:recipes/food/cake": {
    "criteria": {
      "has_egg": "2021-05-29 21:49:57 +0800"
    },
    "done": true
  },
  "minecraft:recipes/building_blocks/dark_oak_planks": {
    "criteria": {
      "has_log2": "2021-05-30 03:15:23 +0800"
    },
    "done": true
  },
  "minecraft:recipes/building_blocks/gray_wool": {
    "criteria": {
      "has_white_wool": "2021-06-08 01:36:44 +0800"
    },
    "done": true
  },
  "minecraft:recipes/misc/gold_nugget": {
    "criteria": {
      "has_gold_ingot": "2021-05-30 01:01:33 +0800"
    },
    "done": true
  },
  "minecraft:recipes/combat/iron_leggings": {
    "criteria": {
      "has_iron_ingot": "2021-05-29 00:36:35 +0800"
    },
    "done": true
  },
  "enderioconduits:item/1_item_conduit": {
    "criteria": {
      "inv_changed-enderio:item_conduit": "2021-05-31 14:56:10 +0800"
    },
    "done": true
  },
  "minecraft:recipes/redstone/dark_oak_door": {
    "criteria": {
      "has_planks": "2021-05-30 03:15:23 +0800"
    },
    "done": true
  },
  "minecraft:husbandry/balanced_diet": {
    "criteria": {
      "baked_potato": "2021-05-28 22:27:50 +0800",
      "apple": "2021-05-30 01:05:45 +0800",
      "potato": "2021-05-29 00:37:35 +0800",
      "cooked_cod": "2021-06-08 01:46:56 +0800",
      "poisonous_potato": "2021-05-29 23:31:27 +0800",
      "melon": "2021-05-29 14:33:49 +0800",
      "raw_cod": "2021-06-08 00:50:53 +0800",
      "beetroot": "2021-06-05 01:30:28 +0800",
      "carrot": "2021-05-29 23:31:14 +0800"
    },
    "done": false
  },
  "minecraft:recipes/tools/wooden_hoe": {
    "criteria": {
      "has_stick": "2021-05-28 00:47:47 +0800"
    },
    "done": true
  },
  "minecraft:recipes/combat/shield": {
    "criteria": {
      "has_iron_ingot": "2021-05-29 00:36:35 +0800"
    },
    "done": true
  },
  "minecraft:recipes/building_blocks/cobblestone_slab": {
    "criteria": {
      "has_cobblestone": "2021-05-28 21:54:06 +0800"
    },
    "done": true
  },
  "enderioconduits:start/1_binder_composite": {
    "criteria": {
      "inv_changed-enderio:binder_composite": "2021-05-31 14:28:35 +0800"
    },
    "done": true
  },
  "minecraft:recipes/building_blocks/red_sandstone_stairs": {
    "criteria": {
      "has_red_sandstone": "2021-06-03 10:51:39 +0800"
    },
    "done": true
  },
  "minecraft:recipes/misc/bucket": {
    "criteria": {
      "has_iron_ingot": "2021-05-29 00:36:35 +0800"
    },
    "done": true
  },
  "minecraft:recipes/misc/iron_ingot_from_block": {
    "criteria": {
      "has_iron_block": "2021-05-30 01:06:02 +0800"
    },
    "done": true
  },
  "minecraft:recipes/redstone/hopper": {
    "criteria": {
      "has_iron_ingot": "2021-05-29 00:36:35 +0800"
    },
    "done": true
  },
  "minecraft:recipes/building_blocks/coarse_dirt": {
    "criteria": {
      "has_gravel": "2021-05-31 14:27:34 +0800"
    },
    "done": true
  },
  "minecraft:recipes/decorations/orange_stained_glass_pane": {
    "criteria": {
      "has_glass": "2021-05-29 00:29:21 +0800"
    },
    "done": true
  },
  "enderiomachines:basics/sagmill/9_white": {
    "criteria": {
      "inv_changed-enderio:item_material": "2021-06-11 18:15:39 +0800"
    },
    "done": true
  },
  "minecraft:recipes/redstone/fence_gate": {
    "criteria": {
      "has_planks": "2021-05-29 02:11:31 +0800"
    },
    "done": true
  },
  "minecraft:recipes/decorations/white_banner": {
    "criteria": {
      "has_white_wool": "2021-06-08 01:36:44 +0800"
    },
    "done": true
  },
  "minecraft:recipes/building_blocks/light_gray_concrete_powder": {
    "criteria": {
      "has_sand": "2021-05-29 00:27:58 +0800"
    },
    "done": true
  },
  "minecraft:recipes/building_blocks/light_blue_concrete_powder": {
    "criteria": {
      "has_sand": "2021-05-29 00:27:58 +0800"
    },
    "done": true
  },
  "enderioconduits:root": {
    "criteria": {
      "inv_changed-enderio:clay": "2021-05-30 02:27:00 +0800",
      "inv_changed-enderio:gravel": "2021-05-31 14:27:34 +0800",
      "inv_changed-enderio:sand": "2021-05-29 00:27:58 +0800"
    },
    "done": true
  },
  "minecraft:recipes/misc/lime_dye": {
    "criteria": {
      "has_green_dye": "2021-06-11 18:10:07 +0800"
    },
    "done": true
  },
  "minecraft:recipes/building_blocks/hay_block": {
    "criteria": {
      "has_at_least_9_wheat": "2021-05-29 23:44:59 +0800"
    },
    "done": true
  },
  "minecraft:recipes/combat/leather_leggings": {
    "criteria": {
      "has_leather": "2021-05-29 21:49:44 +0800"
    },
    "done": true
  },
  "minecraft:recipes/combat/iron_helmet": {
    "criteria": {
      "has_iron_ingot": "2021-05-29 00:36:35 +0800"
    },
    "done": true
  },
  "minecraft:recipes/tools/golden_shovel": {
    "criteria": {
      "has_gold_ingot": "2021-05-30 01:01:33 +0800"
    },
    "done": true
  },
  "minecraft:recipes/building_blocks/pink_concrete_powder": {
    "criteria": {
      "has_sand": "2021-05-29 00:27:58 +0800"
    },
    "done": true
  },
  "minecraft:recipes/combat/bow": {
    "criteria": {
      "has_string": "2021-06-03 10:58:44 +0800"
    },
    "done": true
  },
  "appliedenergistics2:main/cable_glass": {
    "criteria": {
      "certus": "2021-05-30 01:15:34 +0800"
    },
    "done": true
  },
  "minecraft:recipes/decorations/black_stained_glass_pane": {
    "criteria": {
      "has_glass": "2021-05-29 00:29:21 +0800"
    },
    "done": true
  },
  "minecraft:recipes/building_blocks/yellow_stained_glass": {
    "criteria": {
      "has_glass": "2021-05-29 00:29:21 +0800"
    },
    "done": true
  },
  "minecraft:recipes/building_blocks/granite": {
    "criteria": {
      "has_quartz": "2021-05-31 17:46:53 +0800"
    },
    "done": true
  },
  "minecraft:recipes/building_blocks/purple_concrete_powder": {
    "criteria": {
      "has_sand": "2021-05-29 00:27:58 +0800"
    },
    "done": true
  },
  "minecraft:recipes/decorations/iron_bars": {
    "criteria": {
      "has_iron_ingot": "2021-05-29 00:36:35 +0800"
    },
    "done": true
  },
  "minecraft:recipes/misc/sugar": {
    "criteria": {
      "has_reeds": "2021-05-29 01:29:16 +0800"
    },
    "done": true
  },
  "minecraft:recipes/building_blocks/brick_stairs": {
    "criteria": {
      "has_brick_block": "2021-05-30 03:10:20 +0800"
    },
    "done": true
  },
  "minecraft:recipes/building_blocks/gold_block": {
    "criteria": {
      "has_at_least_9_gold_ingot": "2021-05-30 02:15:24 +0800"
    },
    "done": true
  },
  "minecraft:recipes/building_blocks/blue_wool": {
    "criteria": {
      "has_white_wool": "2021-06-08 01:36:44 +0800"
    },
    "done": true
  },
  "minecraft:recipes/combat/diamond_chestplate": {
    "criteria": {
      "has_diamond": "2021-05-30 01:20:27 +0800"
    },
    "done": true
  },
  "minecraft:recipes/redstone/comparator": {
    "criteria": {
      "has_quartz": "2021-05-31 17:46:53 +0800"
    },
    "done": true
  },
  "minecraft:story/mine_stone": {
    "criteria": {
      "get_stone": "2021-05-28 21:54:06 +0800"
    },
    "done": true
  },
  "minecraft:recipes/decorations/furnace": {
    "criteria": {
      "has_cobblestone": "2021-05-28 21:54:06 +0800"
    },
    "done": true
  },
  "minecraft:recipes/transportation/minecart": {
    "criteria": {
      "has_iron_ingot": "2021-05-29 00:36:35 +0800"
    },
    "done": true
  },
  "minecraft:recipes/misc/beacon": {
    "criteria": {
      "has_nether_star": "2021-06-04 20:51:44 +0800"
    },
    "done": true
  },
  "minecraft:recipes/food/beetroot_soup": {
    "criteria": {
      "has_beetroot": "2021-06-05 01:20:52 +0800"
    },
    "done": true
  },
  "minecraft:recipes/brewing/cauldron": {
    "criteria": {
      "has_water_bucket": "2021-05-29 22:18:15 +0800"
    },
    "done": true
  },
  "enderioconduits:item/2_basic_filter": {
    "criteria": {
      "inv_changed-enderio:item_basic_item_filter": "2021-05-31 14:58:51 +0800"
    },
    "done": true
  },
  "minecraft:recipes/decorations/gray_stained_glass_pane": {
    "criteria": {
      "has_glass": "2021-05-29 00:29:21 +0800"
    },
    "done": true
  },
  "minecraft:recipes/decorations/armor_stand": {
    "criteria": {
      "has_stone_slab": "2021-05-29 00:29:55 +0800"
    },
    "done": true
  },
  "minecraft:recipes/combat/diamond_leggings": {
    "criteria": {
      "has_diamond": "2021-05-30 01:20:27 +0800"
    },
    "done": true
  },
  "minecraft:recipes/building_blocks/sandstone": {
    "criteria": {
      "has_sand": "2021-05-29 00:27:58 +0800"
    },
    "done": true
  },
  "minecraft:recipes/building_blocks/red_stained_glass": {
    "criteria": {
      "has_glass": "2021-05-29 00:29:21 +0800"
    },
    "done": true
  },
  "minecraft:recipes/building_blocks/spruce_planks": {
    "criteria": {
      "has_log": "2021-05-29 17:16:06 +0800"
    },
    "done": true
  },
  "minecraft:recipes/decorations/green_stained_glass_pane": {
    "criteria": {
      "has_glass": "2021-05-29 00:29:21 +0800"
    },
    "done": true
  },
  "minecraft:recipes/building_blocks/orange_wool": {
    "criteria": {
      "has_white_wool": "2021-06-08 01:36:44 +0800"
    },
    "done": true
  },
  "minecraft:recipes/tools/wooden_pickaxe": {
    "criteria": {
      "has_stick": "2021-05-28 00:47:47 +0800"
    },
    "done": true
  },
  "minecraft:recipes/tools/iron_hoe": {
    "criteria": {
      "has_iron_ingot": "2021-05-29 00:36:35 +0800"
    },
    "done": true
  },
  "minecraft:story/lava_bucket": {
    "criteria": {
      "lava_bucket": "2021-06-03 10:27:15 +0800"
    },
    "done": true
  },
  "minecraft:husbandry/root": {
    "criteria": {
      "consumed_item": "2021-05-28 22:27:50 +0800"
    },
    "done": true
  },
  "minecraft:recipes/building_blocks/stone_brick_slab": {
    "criteria": {
      "has_stonebrick": "2021-05-29 18:47:15 +0800"
    },
    "done": true
  },
  "minecraft:recipes/redstone/redstone_torch": {
    "criteria": {
      "has_redstone": "2021-05-30 01:21:39 +0800"
    },
    "done": true
  },
  "minecraft:recipes/transportation/birch_boat": {
    "criteria": {
      "entered_water": "2021-05-29 00:37:01 +0800"
    },
    "done": true
  },
  "enderioconduits:goals/all_conduits": {
    "criteria": {
      "inv_changed-enderio:power_conduit_ender2": "2021-06-11 16:45:01 +0800",
      "inv_changed-enderio:liquid_conduit2": "2021-06-12 01:21:08 +0800",
      "inv_changed-enderio:item_conduit2": "2021-05-31 14:56:10 +0800"
    },
    "done": false
  },
  "minecraft:recipes/building_blocks/oak_stairs": {
    "criteria": {
      "has_planks": "2021-05-29 02:11:31 +0800"
    },
    "done": true
  },
  "minecraft:recipes/building_blocks/green_concrete_powder": {
    "criteria": {
      "has_sand": "2021-05-29 00:27:58 +0800"
    },
    "done": true
  },
  "minecraft:recipes/decorations/enchanting_table": {
    "criteria": {
      "has_obsidian": "2021-06-11 13:27:25 +0800"
    },
    "done": true
  },
  "enderiomachines:basics/sagmill/7_black": {
    "criteria": {
      "inv_changed-enderio:item_material": "2021-06-11 18:14:21 +0800"
    },
    "done": true
  },
  "minecraft:recipes/tools/iron_shovel": {
    "criteria": {
      "has_iron_ingot": "2021-05-29 00:36:35 +0800"
    },
    "done": true
  },
  "minecraft:recipes/transportation/acacia_boat": {
    "criteria": {
      "entered_water": "2021-05-29 00:37:01 +0800"
    },
    "done": true
  },
  "minecraft:recipes/redstone/iron_trapdoor": {
    "criteria": {
      "has_iron_ingot": "2021-05-29 00:36:35 +0800"
    },
    "done": true
  },
  "minecraft:recipes/building_blocks/orange_stained_glass": {
    "criteria": {
      "has_glass": "2021-05-29 00:29:21 +0800"
    },
    "done": true
  },
  "minecraft:adventure/root": {
    "criteria": {
      "killed_by_something": "2021-05-29 20:20:50 +0800"
    },
    "done": true
  },
  "enderio:gears/g1_wooden_gear": {
    "criteria": {
      "inv_changed-enderio:item_material": "2021-06-03 15:37:54 +0800"
    },
    "done": true
  },
  "minecraft:recipes/building_blocks/white_concrete_powder": {
    "criteria": {
      "has_sand": "2021-05-29 00:27:58 +0800"
    },
    "done": true
  },
  "minecraft:recipes/decorations/item_frame": {
    "criteria": {
      "has_leather": "2021-05-29 21:49:44 +0800"
    },
    "done": true
  },
  "minecraft:recipes/tools/stone_hoe": {
    "criteria": {
      "has_cobblestone": "2021-05-28 21:54:06 +0800"
    },
    "done": true
  },
  "minecraft:recipes/tools/clock": {
    "criteria": {
      "has_redstone": "2021-05-30 01:21:39 +0800"
    },
    "done": true
  },
  "minecraft:recipes/decorations/spruce_fence": {
    "criteria": {
      "has_planks": "2021-05-29 17:18:28 +0800"
    },
    "done": true
  },
  "minecraft:recipes/tools/diamond_pickaxe": {
    "criteria": {
      "has_diamond": "2021-05-30 01:20:27 +0800"
    },
    "done": true
  },
  "minecraft:recipes/tools/diamond_hoe": {
    "criteria": {
      "has_diamond": "2021-05-30 01:20:27 +0800"
    },
    "done": true
  },
  "minecraft:recipes/combat/spectral_arrow": {
    "criteria": {
      "has_glowstone_dust": "2021-05-31 17:35:05 +0800"
    },
    "done": true
  },
  "minecraft:recipes/decorations/white_stained_glass_pane": {
    "criteria": {
      "has_glass": "2021-05-29 00:29:21 +0800"
    },
    "done": true
  },
  "minecraft:recipes/tools/diamond_shovel": {
    "criteria": {
      "has_diamond": "2021-05-30 01:20:27 +0800"
    },
    "done": true
  },
  "minecraft:recipes/building_blocks/dark_oak_stairs": {
    "criteria": {
      "has_planks": "2021-05-30 03:15:23 +0800"
    },
    "done": true
  },
  "immersiveengineering:main/craft_workbench": {
    "criteria": {
      "craft_hammer": "2021-06-03 15:46:28 +0800"
    },
    "done": true
  },
  "minecraft:recipes/redstone/redstone_block": {
    "criteria": {
      "has_at_least_9_redstone": "2021-05-30 01:21:39 +0800"
    },
    "done": true
  },
  "minecraft:recipes/building_blocks/lime_stained_glass": {
    "criteria": {
      "has_glass": "2021-05-29 00:29:21 +0800"
    },
    "done": true
  },
  "minecraft:recipes/decorations/white_carpet": {
    "criteria": {
      "has_white_wool": "2021-06-08 01:36:44 +0800"
    },
    "done": true
  },
  "minecraft:recipes/decorations/pink_stained_glass_pane": {
    "criteria": {
      "has_glass": "2021-05-29 00:29:21 +0800"
    },
    "done": true
  },
  "enderiomachines:basics/sagmill/a_powder_coating": {
    "criteria": {
      "inv_changed-enderio:item_material": "2021-06-11 18:16:05 +0800"
    },
    "done": true
  },
  "minecraft:recipes/building_blocks/spruce_stairs": {
    "criteria": {
      "has_planks": "2021-05-29 17:18:28 +0800"
    },
    "done": true
  },
  "minecraft:recipes/redstone/dark_oak_fence_gate": {
    "criteria": {
      "has_planks": "2021-05-30 03:15:23 +0800"
    },
    "done": true
  },
  "minecraft:recipes/building_blocks/red_sandstone_slab": {
    "criteria": {
      "has_red_sandstone": "2021-06-03 10:51:39 +0800"
    },
    "done": true
  },
  "minecraft:recipes/building_blocks/green_stained_hardened_clay": {
    "criteria": {
      "has_hardened_clay": "2021-05-30 02:28:12 +0800"
    },
    "done": true
  },
  "minecraft:recipes/decorations/glass_pane": {
    "criteria": {
      "has_glass": "2021-05-29 00:29:21 +0800"
    },
    "done": true
  },
  "minecraft:recipes/building_blocks/gray_stained_hardened_clay": {
    "criteria": {
      "has_hardened_clay": "2021-05-30 02:28:12 +0800"
    },
    "done": true
  },
  "enderiomachines:basics/sagmill/6_coal": {
    "criteria": {
      "inv_changed-enderio:item_material": "2021-06-11 18:06:51 +0800"
    },
    "done": true
  },
  "minecraft:recipes/building_blocks/magenta_stained_glass": {
    "criteria": {
      "has_glass": "2021-05-29 00:29:21 +0800"
    },
    "done": true
  },
  "minecraft:story/mine_diamond": {
    "criteria": {
      "diamond": "2021-05-30 01:20:27 +0800"
    },
    "done": true
  },
  "minecraft:story/upgrade_tools": {
    "criteria": {
      "stone_pickaxe": "2021-05-29 00:28:43 +0800"
    },
    "done": true
  },
  "minecraft:recipes/combat/diamond_helmet": {
    "criteria": {
      "has_diamond": "2021-05-30 01:20:27 +0800"
    },
    "done": true
  },
  "minecraft:recipes/decorations/anvil": {
    "criteria": {
      "has_iron_block": "2021-05-30 01:06:02 +0800"
    },
    "done": true
  },
  "minecraft:recipes/building_blocks/light_blue_stained_glass": {
    "criteria": {
      "has_glass": "2021-05-29 00:29:21 +0800"
    },
    "done": true
  },
  "minecraft:recipes/building_blocks/brick_block": {
    "criteria": {
      "has_brick": "2021-05-30 02:49:57 +0800"
    },
    "done": true
  },
  "minecraft:recipes/building_blocks/orange_concrete_powder": {
    "criteria": {
      "has_sand": "2021-05-29 00:27:58 +0800"
    },
    "done": true
  },
  "minecraft:recipes/building_blocks/cyan_concrete_powder": {
    "criteria": {
      "has_sand": "2021-05-29 00:27:58 +0800"
    },
    "done": true
  },
  "minecraft:recipes/decorations/blue_stained_glass_pane": {
    "criteria": {
      "has_glass": "2021-05-29 00:29:21 +0800"
    },
    "done": true
  },
  "minecraft:recipes/building_blocks/stone_brick_stairs": {
    "criteria": {
      "has_stonebrick": "2021-05-29 18:47:15 +0800"
    },
    "done": true
  },
  "minecraft:recipes/combat/golden_boots": {
    "criteria": {
      "has_gold_ingot": "2021-05-30 01:01:33 +0800"
    },
    "done": true
  },
  "appliedenergistics2:main/interface": {
    "criteria": {
      "certus": "2021-06-05 00:53:57 +0800"
    },
    "done": true
  },
  "minecraft:recipes/tools/wooden_axe": {
    "criteria": {
      "has_stick": "2021-05-28 00:47:47 +0800"
    },
    "done": true
  },
  "minecraft:recipes/building_blocks/lime_wool": {
    "criteria": {
      "has_white_wool": "2021-06-08 01:36:44 +0800"
    },
    "done": true
  },
  "minecraft:recipes/misc/cyan_dye": {
    "criteria": {
      "has_lapis": "2021-05-31 18:31:46 +0800"
    },
    "done": true
  },
  "minecraft:recipes/misc/paper": {
    "criteria": {
      "has_reeds": "2021-05-29 01:29:16 +0800"
    },
    "done": true
  },
  "enderiomachines:basics/goal/1_all_simple_get": {
    "criteria": {
      "inv_changed-enderio:block_simple_alloy_smelter": "2021-06-03 16:36:00 +0800"
    },
    "done": false
  },
  "minecraft:recipes/building_blocks/black_wool": {
    "criteria": {
      "has_white_wool": "2021-06-08 01:36:44 +0800"
    },
    "done": true
  },
  "minecraft:recipes/combat/golden_chestplate": {
    "criteria": {
      "has_gold_ingot": "2021-05-30 01:01:33 +0800"
    },
    "done": true
  },
  "minecraft:recipes/building_blocks/yellow_stained_hardened_clay": {
    "criteria": {
      "has_hardened_clay": "2021-05-30 02:28:12 +0800"
    },
    "done": true
  },
  "minecraft:recipes/building_blocks/green_wool": {
    "criteria": {
      "has_white_wool": "2021-06-08 01:36:44 +0800"
    },
    "done": true
  },
  "minecraft:recipes/tools/diamond_axe": {
    "criteria": {
      "has_diamond": "2021-05-30 01:20:27 +0800"
    },
    "done": true
  },
  "minecraft:recipes/brewing/glass_bottle": {
    "criteria": {
      "has_glass": "2021-05-29 00:29:21 +0800"
    },
    "done": true
  },
  "minecraft:recipes/building_blocks/brown_wool": {
    "criteria": {
      "has_white_wool": "2021-06-08 01:36:44 +0800"
    },
    "done": true
  },
  "minecraft:recipes/decorations/light_blue_stained_glass_pane": {
    "criteria": {
      "has_glass": "2021-05-29 00:29:21 +0800"
    },
    "done": true
  },
  "astralsorcery:celestial_crystals": {
    "criteria": {
      "rock_crystal_in_inventory": "2021-06-08 02:47:45 +0800"
    },
    "done": true
  },
  "minecraft:recipes/building_blocks/iron_block": {
    "criteria": {
      "has_at_least_9_iron_ingot": "2021-05-29 01:22:51 +0800"
    },
    "done": true
  },
  "minecraft:recipes/decorations/painting": {
    "criteria": {
      "has_wool": "2021-06-08 01:36:44 +0800"
    },
    "done": true
  },
  "minecraft:recipes/building_blocks/white_stained_glass": {
    "criteria": {
      "has_glass": "2021-05-29 00:29:21 +0800"
    },
    "done": true
  },
  "minecraft:recipes/redstone/wooden_pressure_plate": {
    "criteria": {
      "has_planks": "2021-05-29 02:11:31 +0800"
    },
    "done": true
  },
  "minecraft:recipes/building_blocks/stone_slab": {
    "criteria": {
      "has_stone": "2021-05-29 00:29:52 +0800"
    },
    "done": true
  },
  "minecraft:recipes/combat/arrow": {
    "criteria": {
      "has_flint": "2021-05-29 14:16:46 +0800"
    },
    "done": true
  },
  "enderio:start/1_infinity_powder_get": {
    "criteria": {
      "inv_changed-enderio:item_material": "2021-06-03 15:22:39 +0800"
    },
    "done": true
  },
  "minecraft:recipes/building_blocks/coal_block": {
    "criteria": {
      "has_at_least_9_coal": "2021-05-29 16:13:52 +0800"
    },
    "done": true
  },
  "enderiomachines:root": {
    "criteria": {
      "inv_changed-enderio:block_machine_chassis_root": "2021-06-11 18:16:51 +0800"
    },
    "done": true
  },
  "minecraft:recipes/building_blocks/clay": {
    "criteria": {
      "has_clay_ball": "2021-05-30 02:27:00 +0800"
    },
    "done": true
  },
  "minecraft:recipes/building_blocks/green_stained_glass": {
    "criteria": {
      "has_glass": "2021-05-29 00:29:21 +0800"
    },
    "done": true
  },
  "minecraft:recipes/redstone/light_weighted_pressure_plate": {
    "criteria": {
      "has_gold_ingot": "2021-05-30 01:01:33 +0800"
    },
    "done": true
  },
  "minecraft:story/deflect_arrow": {
    "criteria": {
      "deflected_projectile": "2021-06-08 02:33:06 +0800"
    },
    "done": true
  },
  "minecraft:recipes/building_blocks/light_blue_wool": {
    "criteria": {
      "has_white_wool": "2021-06-08 01:36:44 +0800"
    },
    "done": true
  },
  "minecraft:recipes/combat/wooden_sword": {
    "criteria": {
      "has_stick": "2021-05-28 00:47:47 +0800"
    },
    "done": true
  },
  "minecraft:recipes/tools/stone_shovel": {
    "criteria": {
      "has_cobblestone": "2021-05-28 21:54:06 +0800"
    },
    "done": true
  },
  "minecraft:recipes/redstone/wooden_button": {
    "criteria": {
      "has_planks": "2021-05-29 02:11:31 +0800"
    },
    "done": true
  },
  "minecraft:recipes/decorations/yellow_stained_glass_pane": {
    "criteria": {
      "has_glass": "2021-05-29 00:29:21 +0800"
    },
    "done": true
  },
  "minecraft:recipes/building_blocks/oak_planks": {
    "criteria": {
      "has_log": "2021-05-29 02:11:11 +0800"
    },
    "done": true
  },
  "minecraft:recipes/building_blocks/blue_concrete_powder": {
    "criteria": {
      "has_sand": "2021-05-29 00:27:58 +0800"
    },
    "done": true
  },
  "minecraft:recipes/building_blocks/gray_concrete_powder": {
    "criteria": {
      "has_sand": "2021-05-29 00:27:58 +0800"
    },
    "done": true
  },
  "minecraft:recipes/building_blocks/cyan_stained_glass": {
    "criteria": {
      "has_glass": "2021-05-29 00:29:21 +0800"
    },
    "done": true
  },
  "minecraft:recipes/building_blocks/light_blue_stained_hardened_clay": {
    "criteria": {
      "has_hardened_clay": "2021-05-30 02:28:12 +0800"
    },
    "done": true
  },
  "minecraft:recipes/building_blocks/bookshelf": {
    "criteria": {
      "has_book": "2021-05-29 21:50:47 +0800"
    },
    "done": true
  },
  "minecraft:recipes/decorations/fence": {
    "criteria": {
      "has_planks": "2021-05-29 02:11:31 +0800"
    },
    "done": true
  },
  "minecraft:recipes/tools/golden_axe": {
    "criteria": {
      "has_gold_ingot": "2021-05-30 01:01:33 +0800"
    },
    "done": true
  },
  "appliedenergistics2:main/crafting_terminal": {
    "criteria": {
      "certus": "2021-05-31 18:22:46 +0800"
    },
    "done": true
  },
  "minecraft:recipes/tools/iron_axe": {
    "criteria": {
      "has_iron_ingot": "2021-05-29 00:36:35 +0800"
    },
    "done": true
  },
  "minecraft:recipes/building_blocks/cyan_stained_hardened_clay": {
    "criteria": {
      "has_hardened_clay": "2021-05-30 02:28:12 +0800"
    },
    "done": true
  },
  "minecraft:recipes/building_blocks/glowstone": {
    "criteria": {
      "has_glowstone_dust": "2021-05-31 17:35:05 +0800"
    },
    "done": true
  },
  "appliedenergistics2:main/storage_bus": {
    "criteria": {
      "part": "2021-05-31 18:58:02 +0800"
    },
    "done": true
  },
  "minecraft:recipes/combat/golden_helmet": {
    "criteria": {
      "has_gold_ingot": "2021-05-30 01:01:33 +0800"
    },
    "done": true
  },
  "minecraft:recipes/tools/lead": {
    "criteria": {
      "has_slime_ball": "2021-05-30 01:36:52 +0800"
    },
    "done": true
  },
  "minecraft:recipes/redstone/tripwire_hook": {
    "criteria": {
      "has_string": "2021-06-03 10:58:44 +0800"
    },
    "done": true
  },
  "minecraft:recipes/building_blocks/dark_oak_wooden_slab": {
    "criteria": {
      "has_planks": "2021-05-30 03:15:23 +0800"
    },
    "done": true
  },
  "minecraft:recipes/combat/iron_boots": {
    "criteria": {
      "has_iron_ingot": "2021-05-29 00:36:35 +0800"
    },
    "done": true
  },
  "minecraft:recipes/building_blocks/blue_stained_hardened_clay": {
    "criteria": {
      "has_hardened_clay": "2021-05-30 02:28:12 +0800"
    },
    "done": true
  },
  "minecraft:recipes/building_blocks/black_concrete_powder": {
    "criteria": {
      "has_sand": "2021-05-29 00:27:58 +0800"
    },
    "done": true
  },
  "minecraft:recipes/building_blocks/smooth_red_sandstone": {
    "criteria": {
      "has_red_sandstone": "2021-06-03 10:51:39 +0800"
    },
    "done": true
  },
  "immersiveengineering:main/place_windmill": {
    "criteria": {
      "place_windmill": "2021-06-03 14:03:23 +0800"
    },
    "done": true
  },
  "enderioconduits:energy/1_energy_conduit": {
    "criteria": {
      "inv_changed-enderio:power_conduit": "2021-06-11 16:45:01 +0800"
    },
    "done": true
  },
  "minecraft:recipes/building_blocks/spruce_wooden_slab": {
    "criteria": {
      "has_planks": "2021-05-29 17:18:28 +0800"
    },
    "done": true
  },
  "appliedenergistics2:main/presses": {
    "criteria": {
      "silicon": "2021-05-30 01:01:33 +0800",
      "logic": "2021-05-30 01:01:33 +0800",
      "eng": "2021-05-30 01:01:33 +0800"
    },
    "done": true
  },
  "minecraft:story/root": {
    "criteria": {
      "crafting_table": "2021-05-28 00:46:02 +0800"
    },
    "done": true
  },
  "enderioconduits:energy/3_energy_conduit_ender": {
    "criteria": {
      "inv_changed-enderio:power_conduit_ender": "2021-06-11 16:45:00 +0800"
    },
    "done": true
  },
  "minecraft:recipes/redstone/stone_button": {
    "criteria": {
      "has_stone": "2021-05-29 00:29:52 +0800"
    },
    "done": true
  },
  "minecraft:recipes/combat/iron_chestplate": {
    "criteria": {
      "has_iron_ingot": "2021-05-29 00:36:35 +0800"
    },
    "done": true
  },
  "minecraft:recipes/redstone/dropper": {
    "criteria": {
      "has_redstone": "2021-05-30 01:21:39 +0800"
    },
    "done": true
  },
  "minecraft:recipes/building_blocks/yellow_wool": {
    "criteria": {
      "has_white_wool": "2021-06-08 01:36:44 +0800"
    },
    "done": true
  },
  "minecraft:story/form_obsidian": {
    "criteria": {
      "obsidian": "2021-06-11 13:27:25 +0800"
    },
    "done": true
  },
  "minecraft:recipes/redstone/noteblock": {
    "criteria": {
      "has_redstone": "2021-05-30 01:21:39 +0800"
    },
    "done": true
  },
  "minecraft:recipes/building_blocks/red_concrete_powder": {
    "criteria": {
      "has_sand": "2021-05-29 00:27:58 +0800"
    },
    "done": true
  },
  "minecraft:recipes/building_blocks/string_to_wool": {
    "criteria": {
      "has_string": "2021-06-03 10:58:44 +0800"
    },
    "done": true
  },
  "enderio:gears/g2_stone_gear": {
    "criteria": {
      "inv_changed-enderio:item_material": "2021-06-03 16:35:34 +0800"
    },
    "done": true
  },
  "minecraft:recipes/combat/leather_chestplate": {
    "criteria": {
      "has_leather": "2021-05-29 21:49:44 +0800"
    },
    "done": true
  },
  "botania:main/lexicon_use": {
    "criteria": {
      "use_lexicon": "2021-05-29 21:53:36 +0800"
    },
    "done": true
  },
  "minecraft:recipes/tools/compass": {
    "criteria": {
      "has_redstone": "2021-05-30 01:21:39 +0800"
    },
    "done": true
  },
  "minecraft:recipes/redstone/repeater": {
    "criteria": {
      "has_redstone_torch": "2021-06-04 22:24:41 +0800"
    },
    "done": true
  },
  "minecraft:recipes/tools/golden_pickaxe": {
    "criteria": {
      "has_gold_ingot": "2021-05-30 01:01:33 +0800"
    },
    "done": true
  },
  "enderioconduits:start/2_conduit_binder": {
    "criteria": {
      "inv_changed-enderio:conduit_binder": "2021-05-31 14:55:01 +0800"
    },
    "done": true
  },
  "astralsorcery:rock_crystals": {
    "criteria": {
      "rock_crystal_in_inventory": "2021-05-31 14:34:47 +0800"
    },
    "done": true
  },
  "appliedenergistics2:main/controller": {
    "criteria": {
      "certus": "2021-05-30 01:47:49 +0800"
    },
    "done": true
  },
  "minecraft:recipes/redstone/sticky_piston": {
    "criteria": {
      "has_slime_ball": "2021-05-30 01:36:52 +0800"
    },
    "done": true
  },
  "minecraft:recipes/building_blocks/quartz_block": {
    "criteria": {
      "has_quartz": "2021-05-31 17:46:53 +0800"
    },
    "done": true
  },
  "immersiveengineering:main/root": {
    "criteria": {
      "hold_manual": "2021-06-03 10:34:16 +0800"
    },
    "done": true
  },
  "minecraft:recipes/misc/gray_dye": {
    "criteria": {
      "has_black_dye": "2021-05-30 02:42:57 +0800"
    },
    "done": true
  },
  "minecraft:adventure/adventuring_time": {
    "criteria": {
      "deep_ocean": "2021-05-28 00:05:33 +0800",
      "beaches": "2021-05-28 00:05:57 +0800",
      "ocean": "2021-05-29 15:23:20 +0800"
    },
    "done": false
  },
  "minecraft:recipes/redstone/iron_door": {
    "criteria": {
      "has_iron_ingot": "2021-05-29 00:36:35 +0800"
    },
    "done": true
  },
  "enderiomachines:basics/sagmill/8_blue": {
    "criteria": {
      "inv_changed-enderio:item_material": "2021-06-11 18:04:11 +0800"
    },
    "done": true
  },
  "minecraft:recipes/misc/book": {
    "criteria": {
      "has_paper": "2021-05-29 01:30:33 +0800"
    },
    "done": true
  },
  "minecraft:recipes/building_blocks/pink_stained_hardened_clay": {
    "criteria": {
      "has_hardened_clay": "2021-05-30 02:28:12 +0800"
    },
    "done": true
  },
  "immersiveengineering:main/multiblock_metalpress": {
    "criteria": {
      "form_blastfurnace": "2021-06-03 16:02:34 +0800"
    },
    "done": true
  },
  "immersiveengineering:main/craft_hammer": {
    "criteria": {
      "craft_hammer": "2021-06-03 10:59:03 +0800"
    },
    "done": true
  },
  "enderiomachines:basics/sagmill/5_green": {
    "criteria": {
      "inv_changed-enderio:item_material": "2021-06-11 18:12:30 +0800"
    },
    "done": true
  },
  "enderioconduits:fluid/1_fluid_conduit": {
    "criteria": {
      "inv_changed-enderio:liquid_conduit": "2021-06-12 01:21:08 +0800"
    },
    "done": true
  },
  "minecraft:recipes/combat/stone_sword": {
    "criteria": {
      "has_cobblestone": "2021-05-28 21:54:06 +0800"
    },
    "done": true
  },
  "minecraft:recipes/decorations/cobblestone_wall": {
    "criteria": {
      "has_cobblestone": "2021-05-28 21:54:06 +0800"
    },
    "done": true
  },
  "minecraft:recipes/tools/stone_pickaxe": {
    "criteria": {
      "has_cobblestone": "2021-05-28 21:54:06 +0800"
    },
    "done": true
  },
  "minecraft:recipes/misc/iron_ingot_from_nuggets": {
    "criteria": {
      "has_at_least_9_iron_nugget": "2021-05-30 02:52:15 +0800"
    },
    "done": true
  },
  "appliedenergistics2:main/growth_accelerator": {
    "criteria": {
      "certus": "2021-05-30 01:16:14 +0800"
    },
    "done": true
  },
  "enderiomachines:basics/alloy/machine_chassis_get": {
    "criteria": {
      "inv_changed-enderio:block_machine_chassis": "2021-06-11 18:16:51 +0800"
    },
    "done": true
  },
  "minecraft:recipes/building_blocks/orange_stained_hardened_clay": {
    "criteria": {
      "has_hardened_clay": "2021-05-30 02:28:12 +0800"
    },
    "done": true
  },
  "minecraft:recipes/building_blocks/brown_stained_glass": {
    "criteria": {
      "has_glass": "2021-05-29 00:29:21 +0800"
    },
    "done": true
  },
  "minecraft:recipes/redstone/stone_pressure_plate": {
    "criteria": {
      "has_stone": "2021-05-29 00:29:52 +0800"
    },
    "done": true
  },
  "minecraft:recipes/transportation/boat": {
    "criteria": {
      "entered_water": "2021-05-29 00:37:01 +0800"
    },
    "done": true
  },
  "minecraft:recipes/combat/leather_boots": {
    "criteria": {
      "has_leather": "2021-05-29 21:49:44 +0800"
    },
    "done": true
  },
  "minecraft:recipes/misc/purple_dye": {
    "criteria": {
      "has_lapis": "2021-05-31 18:31:46 +0800"
    },
    "done": true
  },
  "minecraft:recipes/transportation/jungle_boat": {
    "criteria": {
      "entered_water": "2021-05-29 00:37:01 +0800"
    },
    "done": true
  },
  "appliedenergistics2:main/root": {
    "criteria": {
      "certus": "2021-05-30 00:54:29 +0800"
    },
    "done": true
  },
  "minecraft:recipes/building_blocks/magenta_stained_hardened_clay": {
    "criteria": {
      "has_hardened_clay": "2021-05-30 02:28:12 +0800"
    },
    "done": true
  },
  "appliedenergistics2:main/pattern_terminal": {
    "criteria": {
      "certus": "2021-05-31 18:30:36 +0800"
    },
    "done": true
  },
  "minecraft:recipes/building_blocks/brown_stained_hardened_clay": {
    "criteria": {
      "has_hardened_clay": "2021-05-30 02:28:12 +0800"
    },
    "done": true
  },
  "minecraft:recipes/building_blocks/light_gray_stained_glass": {
    "criteria": {
      "has_glass": "2021-05-29 00:29:21 +0800"
    },
    "done": true
  },
  "minecraft:recipes/redstone/heavy_weighted_pressure_plate": {
    "criteria": {
      "has_iron_ingot": "2021-05-29 00:36:35 +0800"
    },
    "done": true
  },
  "minecraft:recipes/building_blocks/diamond_block": {
    "criteria": {
      "has_at_least_9_diamond": "2021-05-30 01:49:38 +0800"
    },
    "done": true
  },
  "immersiveengineering:main/place_conveyor": {
    "criteria": {
      "place_conveyor": "2021-06-03 15:59:36 +0800"
    },
    "done": true
  },
  "minecraft:recipes/transportation/dark_oak_boat": {
    "criteria": {
      "entered_water": "2021-05-29 00:37:01 +0800"
    },
    "done": true
  },
  "minecraft:recipes/food/pumpkin_pie": {
    "criteria": {
      "has_pumpkin": "2021-05-29 00:38:02 +0800"
    },
    "done": true
  },
  "minecraft:recipes/transportation/carrot_on_a_stick": {
    "criteria": {
      "has_carrot": "2021-05-29 01:25:52 +0800"
    },
    "done": true
  },
  "minecraft:recipes/redstone/daylight_detector": {
    "criteria": {
      "has_quartz": "2021-05-31 17:46:53 +0800"
    },
    "done": true
  },
  "minecraft:recipes/building_blocks/pink_wool": {
    "criteria": {
      "has_white_wool": "2021-06-08 01:36:44 +0800"
    },
    "done": true
  },
  "appliedenergistics2:main/fluix": {
    "criteria": {
      "certus": "2021-05-30 01:05:13 +0800"
    },
    "done": true
  },
  "minecraft:recipes/decorations/red_stained_glass_pane": {
    "criteria": {
      "has_glass": "2021-05-29 00:29:21 +0800"
    },
    "done": true
  },
  "minecraft:recipes/decorations/flower_pot": {
    "criteria": {
      "has_brick": "2021-05-30 02:49:57 +0800"
    },
    "done": true
  },
  "minecraft:recipes/building_blocks/lapis_block": {
    "criteria": {
      "has_at_least_9_lapis": "2021-05-31 18:31:46 +0800"
    },
    "done": true
  },
  "minecraft:recipes/building_blocks/lit_pumpkin": {
    "criteria": {
      "has_pumpkin": "2021-05-29 00:38:02 +0800"
    },
    "done": true
  },
  "minecraft:recipes/building_blocks/brick_slab": {
    "criteria": {
      "has_brick_block": "2021-05-30 03:10:20 +0800"
    },
    "done": true
  },
  "minecraft:recipes/building_blocks/stonebrick": {
    "criteria": {
      "has_stone": "2021-05-29 00:29:52 +0800"
    },
    "done": true
  },
  "enderioconduits:goals/all_filters": {
    "criteria": {
      "inv_changed-enderio:item_basic_item_filter2": "2021-05-31 14:58:51 +0800"
    },
    "done": false
  },
  "enderio:root": {
    "criteria": {
      "location": "2021-05-29 20:36:56 +0800"
    },
    "done": true
  },
  "minecraft:recipes/combat/golden_leggings": {
    "criteria": {
      "has_gold_ingot": "2021-05-30 01:01:33 +0800"
    },
    "done": true
  },
  "minecraft:recipes/redstone/piston": {
    "criteria": {
      "has_redstone": "2021-05-30 01:21:39 +0800"
    },
    "done": true
  },
  "minecraft:recipes/building_blocks/melon_block": {
    "criteria": {
      "has_melon": "2021-05-29 01:48:33 +0800"
    },
    "done": true
  },
  "minecraft:recipes/building_blocks/stone_stairs": {
    "criteria": {
      "has_cobblestone": "2021-05-28 21:54:06 +0800"
    },
    "done": true
  },
  "minecraft:recipes/building_blocks/chiseled_red_sandstone": {
    "criteria": {
      "has_red_sandstone": "2021-06-03 10:51:39 +0800"
    },
    "done": true
  },
  "minecraft:recipes/decorations/brown_stained_glass_pane": {
    "criteria": {
      "has_glass": "2021-05-29 00:29:21 +0800"
    },
    "done": true
  },
  "minecraft:recipes/building_blocks/light_gray_stained_hardened_clay": {
    "criteria": {
      "has_hardened_clay": "2021-05-30 02:28:12 +0800"
    },
    "done": true
  },
  "immersiveengineering:main/connect_wire": {
    "criteria": {
      "code_trigger": "2021-06-03 14:54:23 +0800"
    },
    "done": true
  },
  "minecraft:recipes/decorations/dark_oak_fence": {
    "criteria": {
      "has_planks": "2021-05-30 03:15:23 +0800"
    },
    "done": true
  },
  "minecraft:recipes/combat/diamond_boots": {
    "criteria": {
      "has_diamond": "2021-05-30 01:20:27 +0800"
    },
    "done": true
  },
  "enderio:start/2_simple_chassis_get": {
    "criteria": {
      "inv_changed-enderio:item_material": "2021-06-03 15:36:15 +0800"
    },
    "done": true
  },
  "minecraft:recipes/building_blocks/light_gray_wool": {
    "criteria": {
      "has_white_wool": "2021-06-08 01:36:44 +0800"
    },
    "done": true
  },
  "minecraft:recipes/building_blocks/purple_stained_hardened_clay": {
    "criteria": {
      "has_hardened_clay": "2021-05-30 02:28:12 +0800"
    },
    "done": true
  },
  "minecraft:recipes/building_blocks/red_wool": {
    "criteria": {
      "has_white_wool": "2021-06-08 01:36:44 +0800"
    },
    "done": true
  },
  "minecraft:story/smelt_iron": {
    "criteria": {
      "iron": "2021-05-29 00:36:35 +0800"
    },
    "done": true
  },
  "minecraft:recipes/tools/stone_axe": {
    "criteria": {
      "has_cobblestone": "2021-05-28 21:54:06 +0800"
    },
    "done": true
  },
  "appliedenergistics2:main/storage_cell": {
    "criteria": {
      "c64k": "2021-05-31 17:37:19 +0800"
    },
    "done": true
  },
  "appliedenergistics2:main/network1": {
    "criteria": {
      "cable": "2021-05-31 19:00:19 +0800"
    },
    "done": true
  },
  "minecraft:recipes/redstone/wooden_door": {
    "criteria": {
      "has_planks": "2021-05-29 02:11:31 +0800"
    },
    "done": true
  },
  "minecraft:recipes/building_blocks/chiseled_stonebrick": {
    "criteria": {
      "has_stonebrick": "2021-05-29 18:47:15 +0800"
    },
    "done": true
  },
  "minecraft:recipes/building_blocks/pink_stained_glass": {
    "criteria": {
      "has_glass": "2021-05-29 00:29:21 +0800"
    },
    "done": true
  },
  "minecraft:recipes/decorations/light_gray_stained_glass_pane": {
    "criteria": {
      "has_glass": "2021-05-29 00:29:21 +0800"
    },
    "done": true
  },
  "minecraft:recipes/decorations/slime": {
    "criteria": {
      "has_at_least_9_slime_ball": "2021-05-31 16:53:09 +0800"
    },
    "done": true
  }
}