{"stat.craftItem.immersiveengineering.stone_decoration":27,"stat.drop.quark.dark_oak_trapdoor":6,"stat.pickup.agricraft.crop_sticks":2743,"stat.pickup.appliedenergistics2.crafting_storage_4k":2,"stat.pickup.mekanism.machineblock2":1,"stat.pickup.mysticalagriculture.sulfur_essence":21,"stat.drop.minecraft.redstone":32,"stat.drop.appliedenergistics2.storage_cell_64k":1,"stat.craftItem.botania.lexicon":1,"stat.pickup.rustic.chain":10,"stat.craftItem.enderio.item_item_conduit":512,"stat.pickup.tconstruct.faucet":1,"stat.pickup.mysticalagriculture.peridot_essence":6,"stat.pickup.harvestcraft.seaweeditem":27,"stat.pickup.minecraft.rotten_flesh":1,"stat.pickup.mysticalagriculture.dirt_seeds":116,"stat.craftItem.minecraft.stone_axe":1,"stat.pickup.minecraft.bucket":5,"stat.pickup.harvestcraft.mortarandpestleitem":1,"stat.craftItem.bigreactors.reactorfuelrod":0,"stat.pickup.harvestcraft.scallionitem":9,"stat.pickup.mysticalagriculture.manasteel_seeds":2,"stat.craftItem.minecraft.glass_pane":16,"stat.pickup.appliedenergistics2.sky_stone_block":128,"stat.mineBlock.forestry.logs.0":218,"stat.pickup.harvestcraft.radishseeditem":2,"stat.pickup.mysticalagriculture.lapis_lazuli_essence":48,"stat.pickup.mysticalagriculture.star_steel_seeds":1,"stat.furnaceInteraction":181,"stat.craftItem.simplyjetpacks.itemjetpack":0,"stat.pickup.mysticalagriculture.starmetal_seeds":1,"stat.pickup.harvestcraft.cornitem":4,"stat.craftItem.bigreactors.turbinefluidport":0,"stat.pickup.harvestcraft.barleyseeditem":8,"stat.mineBlock.immersiveengineering.wooden_device1":6,"stat.craftItem.enderio.block_fused_quartz":15,"stat.pickup.harvestcraft.brusselsproutitem":6,"stat.pickup.mysticalagriculture.wood_seeds":3,"stat.pickup.harvestcraft.grapeseeditem":1,"stat.drop.appliedenergistics2.crystal_seed":671,"stat.useItem.bigreactors.reactorcoolantport":5,"stat.pickup.appliedenergistics2.vibration_chamber":1,"stat.pickup.actuallyadditions.item_crystal":388,"stat.mineBlock.cookingforblockheads.fridge":4,"stat.pickup.basemetals.starsteel_shield":2,"stat.mineBlock.bigreactors.turbinerotorshaft":1,"stat.craftItem.harvestcraft.vinegaritem":1,"stat.pickup.mysticalagriculture.copper_seeds":64,"stat.pickup.minecraft.emerald":1,"stat.pickup.minecraft.lever":3,"stat.deaths":8,"stat.pickup.minecraft.egg":26,"stat.craftItem.minecraft.melon_seeds":1,"stat.pickup.mysticalagriculture.nickel_seeds":6,"stat.pickup.harvestcraft.kiwijuiceitem":1,"stat.pickup.mekanism.energycube":7,"stat.pickup.tconstruct.mattock":13,"stat.drop.minecraft.iron_ingot":336,"stat.craftItem.minecraft.repeater":0,"stat.useItem.forestry.logs.0":3,"stat.mineBlock.thermalexpansion.machine":1,"stat.chestOpened":148,"stat.mineBlock.chisel.bricks":1,"stat.useItem.ic2.cable":2,"stat.pickup.mysticalagriculture.platinum_essence":5,"stat.craftItem.bigreactors.turbinecontroller":0,"stat.craftItem.harvestcraft.raisinsitem":1,"stat.craftItem.minecraft.coal":2602,"stat.pickup.mysticalagriculture.mithril_essence":9,"stat.pickup.mysticalagriculture.enderman_essence":97,"stat.useItem.harvestcraft.candleberryitem":1,"stat.pickup.botania.lexicon":2,"stat.pickup.enderio.item_alloy_ingot":45,"stat.pickup.minecraft.carrot":33,"stat.drop.astralsorcery.itemcelestialcrystal":2,"stat.useItem.harvestcraft.seedsoupitem":1,"stat.crouchOneCm":532311,"stat.drop.mysticalagriculture.iron_essence":9,"stat.craftItem.ic2.cable":2,"stat.craftItem.minecraft.diamond":268,"stat.craftItem.minecraft.iron_ingot":1137,"stat.pickup.mysticalagriculture.chicken_seeds":4,"stat.pickup.mysticalagriculture.coal_essence":1863,"stat.pickup.mysticalagriculture.emerald_essence":643,"stat.craftingTableInteraction":357,"stat.mineBlock.appliedenergistics2.inscriber":30,"stat.drop.mysticalagriculture.rock_crystal_seeds":1,"stat.useItem.forestry.slabs.0":2,"stat.useItem.harvestcraft.pickledbeetsitem":1,"stat.pickup.storagedrawers.upgrade_void":4,"stat.pickup.mysticalagriculture.energetic_alloy_essence":5,"stat.craftItem.enderio.item_power_conduit":0,"stat.pickup.minecraft.dye":42,"stat.pickup.minecraft.planks":19,"stat.pickup.mysticalagriculture.cow_seeds":2,"stat.pickup.mysticalagriculture.grains_of_infinity_essence":12,"stat.pickup.mysticalagriculture.sheep_seeds":15,"stat.craftItem.harvestcraft.caramelitem":1,"stat.pickup.enderio.item_material":1,"stat.pickup.bigreactors.reactorpowertaprf":2,"stat.craftItem.mekanism.speedupgrade":0,"stat.craftItem.enderio.item_alloy_nugget":261,"stat.pickup.harvestcraft.strawberryseeditem":5,"stat.pickup.mysticalagriculture.slime_seeds":5,"stat.pickup.mysticalagriculture.fluix_essence":668,"stat.drop.minecraft.rotten_flesh":1,"stat.drop.forestry.sapling":2,"stat.pickup.appliedenergistics2.energy_acceptor":1,"stat.pickup.tconstruct.pickaxe":5,"stat.drop.tconstruct.soil":64,"stat.mineBlock.appliedenergistics2.vibration_chamber":1,"stat.pickup.harvestcraft.peasitem":6,"stat.pickup.quark.spruce_pressure_plate":1,"stat.useItem.agricraft.water_channel_valve":1,"stat.useItem.harvestcraft.sweetpotatoitem":1,"stat.pickup.mysticalagriculture.star_steel_essence":4,"stat.pickup.mysticalagriculture.zombie_seeds":9,"stat.drop.minecraft.sapling":3,"stat.mineBlock.appliedenergistics2.crafting_storage_4k":2,"stat.pickup.mysticalagriculture.manasteel_essence":2,"stat.useItem.chisel.bricks":18,"stat.craftItem.appliedenergistics2.inscriber":6,"stat.pickup.bigreactors.reactorcasing":46,"stat.craftItem.minecraft.bucket":9,"stat.pickup.mysticalagriculture.signalum_seeds":3,"stat.pickup.mysticalagriculture.black_quartz_essence":17,"stat.craftItem.minecraft.planks":636,"stat.mineBlock.cookingforblockheads.oven":1,"stat.drop.tconstruct.metal":1,"stat.craftItem.minecraft.dirt":5124,"stat.pickup.harvestcraft.kiwiitem":11,"stat.pickup.mysticalagriculture.glowstone_ingot_essence":7,"stat.mineBlock.storagedrawers.controller":7,"stat.useItem.minecraft.stonebrick":84,"stat.craftItem.minecraft.log":32,"stat.pickup.minecraft.iron_door":4,"stat.pickup.appliedenergistics2.part":163,"stat.pickup.minecraft.cooked_fish":1,"stat.craftItem.minecraft.cobblestone":1984,"stat.craftItem.harvestcraft.fishsticksitem":1,"stat.craftItem.harvestcraft.saucepanitem":1,"stat.pickup.storagedrawers.controller":7,"stat.mineBlock.cookingforblockheads.sink":1,"stat.mineBlock.forestry.leaves":121,"stat.mineBlock.minecraft.cobblestone":38,"stat.pickup.minecraft.stone_pickaxe":3,"stat.craftItem.simplyjetpacks.metaitemmods":0,"stat.pickup.harvestcraft.seaweedseeditem":3,"stat.pickup.immersiveengineering.metal_decoration0":1,"stat.pickup.appliedenergistics2.molecular_assembler":3,"stat.drop.mysticalagriculture.iron_seeds":19,"stat.pickup.immersiveengineering.metal_decoration1":2,"stat.craftItem.immersiveengineering.conveyor":0,"stat.craftItem.mekanism.jetpack":0,"stat.useItem.minecraft.stone_slab2":588,"stat.craftItem.harvestcraft.fruitsaladitem":1,"stat.craftItem.harvestcraft.fishandchipsitem":1,"stat.craftItem.minecraft.furnace":2,"stat.mineBlock.mekanism.transmitter":186,"stat.mineBlock.bigreactors.reactorcoolantport":3,"stat.useItem.harvestcraft.grapeitem":1,"stat.craftItem.bigreactors.ingotmetals":0,"stat.pickup.agricraft.water_channel_normal":70,"stat.pickup.appliedenergistics2.storage_cell_64k":1,"stat.drop.mysticalagriculture.dirt_seeds":43,"stat.pickup.mysticalagriculture.enderium_essence":296,"stat.pickup.rustic.liquid_barrel":3,"stat.drop.enderio.item_ender_food":1,"stat.craftItem.minecraft.stonebrick":8,"stat.pickup.mysticalagriculture.slate_seeds":3,"stat.pickup.ic2.cutter":5,"stat.pickup.astralsorcery.blockcelestialgateway":1,"stat.craftItem.enderio.block_painter":0,"stat.pickup.mysticalagriculture.wood_essence":27,"stat.ae2.ItemsInserted":35821,"stat.pickup.enderio.block_tank":1,"stat.craftItem.storagedrawers.upgrade_void":0,"stat.pickup.mysticalagriculture.creeper_essence":10,"stat.pickup.mysticalagriculture.ice_seeds":6,"stat.drop.mysticalagriculture.aquamarine_seeds":1,"stat.pickup.harvestcraft.tatertotsitem":1,"stat.sprintOneCm":3745741,"stat.pickup.immersiveengineering.tool":3,"stat.pickup.cookingforblockheads.fridge":4,"stat.craftItem.cookingforblockheads.fridge":4,"stat.useItem.harvestcraft.friedeggitem":52,"stat.craftItem.harvestcraft.grinder":0,"stat.useItem.enderio.item_power_conduit":78,"stat.craftItem.harvestcraft.ketchupitem":1,"stat.pickup.harvestcraft.cactusfruitjuiceitem":1,"stat.pickup.cookingforblockheads.sink":1,"stat.pickup.mysticalagriculture.obsidian_essence":70,"stat.useItem.storagedrawers.tape":3,"stat.craftItem.minecraft.emerald":37,"stat.craftItem.minecraft.dye":62,"stat.pickup.ic2.crop_stick":3,"stat.craftItem.minecraft.slime_ball":104,"stat.pickup.minecraft.wheat":111,"stat.mineBlock.immersiveengineering.metal_device0":2,"stat.mineBlock.immersiveengineering.metal_device1":3,"stat.craftItem.harvestcraft.friedeggitem":72,"stat.drop.appliedenergistics2.molecular_assembler":3,"stat.craftItem.cookingforblockheads.cooking_table":1,"stat.pickup.mysticalagriculture.lead_seeds":7,"stat.craftItem.botania.altar":1,"stat.pickup.mysticalagriculture.gold_essence":3485,"stat.pickup.cookingforblockheads.oven":1,"stat.pickup.harvestcraft.ryeitem":20,"stat.useItem.bigreactors.reactorfuelrod":5,"stat.pickup.bigreactors.turbinerotorshaft":4,"stat.pickup.mysticalagriculture.sapphire_seeds":3,"stat.craftItem.harvestcraft.bamboosteamedriceitem":2,"stat.useItem.immersiveengineering.stone_decoration":26,"stat.mineBlock.appliedenergistics2.energy_acceptor":1,"stat.pickup.minecraft.coal":12,"stat.pickup.minecraft.iron_ingot":64,"stat.craftItem.minecraft.water_bucket":0,"stat.craftItem.minecraft.lever":24,"stat.pickup.minecraft.dirt":1093,"stat.pickup.harvestcraft.scrambledeggitem":1,"stat.pickup.mysticalagriculture.electrum_essence":28,"stat.mineBlock.minecraft.torch":105,"stat.pickup.appliedenergistics2.biometric_card":1,"stat.pickup.appliedenergistics2.interface":21,"stat.pickup.harvestcraft.leekseeditem":1,"stat.drop.actuallyadditions.item_food":5,"stat.pickup.harvestcraft.sushiitem":1,"stat.drop.agricraft.crop_sticks":10,"stat.craftItem.tconstruct.smeltery_io":2,"stat.useItem.agricraft.sprinkler":2,"stat.pickup.appliedenergistics2.quartz_glass":2,"stat.craftItem.bigreactors.reactoraccessport":0,"stat.craftItem.harvestcraft.flouritem":5,"stat.mineBlock.bigreactors.turbineglass":5,"stat.drop.tconstruct.materials":64,"stat.useItem.actuallyadditions.item_worm":22,"stat.useItem.storagedrawers.drawer_key":31,"stat.pickup.questbook.itemquestbook":11,"stat.drop.enderio.item_yeta_wrench":1,"stat.pickup.mysticalagriculture.osmium_essence":272,"stat.useItem.minecraft.melon":10,"stat.drop.minecraft.egg":1,"stat.pickup.actuallyadditions.item_coffee_beans":4,"stat.craftItem.agricraft.water_channel_normal":112,"stat.pickup.mysticalagriculture.marble_essence":56,"stat.pickup.mysticalagriculture.silicon_essence":472,"stat.pickup.mysticalagriculture.guardian_seeds":5,"stat.pickup.actuallyadditions.block_dropper":2,"stat.pickup.minecraft.diamond":30,"stat.pickup.minecraft.beetroot_seeds":2,"stat.craftItem.bigreactors.reactorglass":0,"stat.useItem.enderio.item_item_conduit":265,"stat.craftItem.enderio.item_basic_capacitor":0,"stat.useItem.harvestcraft.raisinsitem":1,"stat.pickup.mysticalagriculture.silver_seeds":7,"stat.pickup.mysticalagriculture.certus_quartz_seeds":98,"stat.craftItem.harvestcraft.cornmealitem":2,"stat.craftItem.simplyjetpacks.metaitem":0,"stat.drop.agricraft.water_channel_normal":4,"stat.pickup.mysticalagriculture.iron_essence":7617,"stat.useItem.minecraft.poisonous_potato":1,"stat.pickup.mysticalagriculture.nether_quartz_essence":68,"stat.pickup.mysticalagriculture.apatite_seeds":15,"stat.pickup.minecraft.glowstone_dust":1,"stat.mineBlock.minecraft.stone_brick_stairs":4,"stat.pickup.bigreactors.turbinehousing":8,"stat.drop.appliedenergistics2.biometric_card":1,"stat.pickup.tconstruct.metal":2,"stat.useItem.harvestcraft.kiwijuiceitem":1,"stat.pickup.mysticalagriculture.aquamarine_seeds":9,"stat.craftItem.actuallyadditions.block_misc":0,"stat.pickup.forestry.slabs.0":14,"stat.pickup.harvestcraft.sweetpotatoitem":14,"stat.craftItem.bigreactors.wrench":0,"stat.pickup.actuallyadditions.item_knife":1,"stat.mineBlock.minecraft.sand":6,"stat.pickup.bigreactors.turbineglass":5,"stat.useItem.harvestcraft.stockitem":47,"stat.craftItem.minecraft.wooden_hoe":1,"stat.pickup.storagedrawers.tape":1,"stat.drop.astralsorcery.itemhandtelescope":1,"stat.drop.appliedenergistics2.encoded_pattern":2,"stat.hopperInspected":75,"stat.mineBlock.bigreactors.reactorpowertaprf":2,"stat.pickup.mekanismgenerators.generator":3,"stat.pickup.mysticalagriculture.aluminum_brass_seeds":30,"stat.craftItem.enderio.item_material":1994,"stat.craftItem.minecraft.pumpkin_seeds":4,"stat.pickup.minecraft.wooden_button":1,"stat.craftItem.thermalfoundation.material":414,"stat.pickup.mysticalagriculture.nature_essence":35,"stat.drop.mysticalagriculture.water_essence":17,"stat.pickup.harvestcraft.fishandchipsitem":2,"stat.pickup.minecraft.pumpkin_seeds":5,"stat.craftItem.bigreactors.turbinebearing":0,"stat.craftItem.immersiveengineering.material":16,"stat.craftItem.minecraft.obsidian":96,"stat.pickup.simplyjetpacks.itemjetpack":1,"stat.mineBlock.storagedrawers.trim":15,"stat.useItem.harvestcraft.blueberryjuiceitem":1,"stat.pickup.minecraft.mycelium":1,"stat.craftItem.appliedenergistics2.wireless_access_point":0,"stat.pickup.betterquesting.guide_book":1,"stat.craftItem.appliedenergistics2.smooth_sky_stone_block":32,"stat.pickup.minecraft.pumpkin":14,"stat.pickup.enderio.block_reservoir":11,"stat.useItem.minecraft.fish":1,"stat.pickup.tconstruct.casting":3,"stat.craftItem.minecraft.flint":16,"stat.pickup.mysticalagriculture.vibrant_alloy_seeds":2,"stat.pickup.harvestcraft.tomatoseeditem":1,"stat.pickup.harvestcraft.candleberryitem":10,"stat.pickup.minecraft.melon_seeds":4,"stat.craftItem.appliedenergistics2.dense_energy_cell":0,"stat.pickup.minecraft.melon":32,"stat.useItem.bigreactors.reactoraccessport":1,"stat.pickup.mysticalagriculture.rubber_essence":9,"stat.useItem.harvestcraft.steamedpeasitem":1,"stat.craftItem.minecraft.wooden_button":1,"stat.pickup.agricraft.water_tank":272,"stat.craftItem.tconstruct.materials":0,"stat.pickup.mysticalagriculture.spider_seeds":5,"stat.pickup.mysticalagriculture.emerald_seeds":85,"stat.drop.betterquesting.guide_book":1,"stat.pickup.mysticalagriculture.ender_biotite_essence":8,"stat.pickup.mysticalagradditions.nether_star_seeds":1,"stat.pickup.storagedrawers.trim":15,"stat.pickup.mysticalagriculture.peridot_seeds":5,"stat.pickup.bigreactors.reactorcoolantport":4,"stat.drop.minecraft.reeds":2,"stat.craftItem.minecraft.leather":24,"stat.useItem.minecraft.torch":426,"stat.pickup.forestry.fences.0":4,"stat.pickup.minecraft.crafting_table":1,"stat.useItem.minecraft.log":34,"stat.craftItem.minecraft.crafting_table":10,"stat.craftItem.harvestcraft.melonjuiceitem":1,"stat.useItem.minecraft.cooked_fish":15,"stat.drop.minecraft.stonebrick":47,"stat.craftItem.enderio.item_basic_item_filter":9,"stat.pickup.mysticalagriculture.ender_biotite_seeds":3,"stat.pickup.minecraft.sapling":111,"stat.useItem.harvestcraft.kiwiitem":1,"stat.useItem.agricraft.water_channel_normal":118,"stat.pickup.mysticalagriculture.guardian_essence":3,"stat.pickup.minecraft.beetroot":10,"stat.pickup.harvestcraft.boiledeggitem":2,"stat.craftItem.thermalexpansion.capacitor":0,"stat.craftItem.appliedenergistics2.sky_stone_brick":16,"stat.pickup.harvestcraft.scallionseeditem":2,"stat.useItem.appliedenergistics2.certus_quartz_wrench":19,"stat.pickup.mysticalagriculture.coal_seeds":109,"stat.mineBlock.mekanism.machineblock":9,"stat.craftItem.minecraft.sugar":1,"stat.drop.minecraft.bucket":1,"stat.useItem.minecraft.baked_potato":133,"stat.useItem.enderio.item_conduit_facade":8,"stat.drop.mysticalagriculture.invar_essence":4,"stat.craftItem.harvestcraft.friesitem":3,"stat.craftItem.minecraft.sticky_piston":22,"stat.pickup.immersiveengineering.wooden_device1":6,"stat.pickup.minecraft.redstone_torch":4,"stat.craftItem.storagedrawers.drawer_key":0,"stat.useItem.immersiveengineering.conveyor":9,"stat.mineBlock.actuallyadditions.block_dropper":2,"stat.pickup.mysticalagriculture.nether_quartz_seeds":5,"stat.mineBlock.mekanism.energycube":6,"stat.pickup.thermalexpansion.machine":1,"stat.ae2.ItemsExtracted":22479,"stat.pickup.harvestcraft.okraitem":11,"stat.pickup.harvestcraft.kiwiseeditem":2,"stat.craftItem.immersiveengineering.wooden_decoration":0,"stat.pickup.chisel.auto_chisel":9,"stat.craftItem.forestry.planks.0":364,"stat.mineBlock.appliedenergistics2.interface":13,"stat.useItem.harvestcraft.bambooshootitem":1,"stat.pickup.mysticalagriculture.apatite_essence":15,"stat.craftItem.minecraft.quartz":96,"stat.pickup.appliedenergistics2.controller":3,"stat.craftItem.minecraft.stone_pickaxe":1,"stat.pickup.minecraft.cobblestone":100,"stat.mineBlock.quark.custom_chest":19,"stat.craftItem.ic2.ingot":9,"stat.pickup.minecraft.cactus":1,"stat.ae2.TurnedCranks":751,"stat.pickup.minecraft.redstone":32,"stat.useItem.mekanism.transmitter":240,"stat.craftItem.minecraft.dispenser":0,"stat.craftItem.minecraft.book":7,"stat.pickup.mysticalagriculture.nickel_essence":13,"stat.pickup.actuallyadditions.item_rice_seed":6,"stat.craftItem.appliedenergistics2.vibration_chamber":1,"stat.pickup.mysticalagriculture.aquarium_essence":3,"stat.drop.minecraft.coal":4,"stat.useItem.ic2.crop_stick":2,"stat.useItem.harvestcraft.cornitem":1,"stat.useItem.harvestcraft.bamboosteamedriceitem":2,"stat.pickup.tconstruct.soil":64,"stat.pickup.mysticalagriculture.tin_seeds":7,"stat.drop.minecraft.dirt":128,"stat.pickup.agricraft.water_channel_valve":1,"stat.craftItem.harvestcraft.pumpkinmuffinitem":1,"stat.pickup.tconstruct.smeltery_controller":1,"stat.craftItem.enderio.item_conduit_facade":0,"stat.useItem.enderio.item_ender_food":1,"stat.pickup.mysticalagriculture.wither_skeleton_seeds":3,"stat.pickup.botania.petal":133,"stat.pickup.minecraft.nether_star":2,"stat.useItem.minecraft.spruce_fence":27,"stat.pickup.minecraft.paper":9,"stat.useItem.botania.lexicon":1,"stat.craftItem.minecraft.stick":792,"stat.craftItem.thermalexpansion.dynamo":0,"stat.pickup.mysticalagriculture.cold_iron_seeds":8,"stat.craftItem.agricraft.crop_sticks":1108,"stat.pickup.agricraft.agri_seed":111,"stat.craftItem.harvestcraft.coffeeitem":2,"stat.pickup.harvestcraft.saucepanitem":1,"stat.craftItem.minecraft.gold_nugget":0,"stat.pickup.harvestcraft.okraseeditem":1,"stat.pickup.mysticalagriculture.steel_seeds":51,"stat.pickup.harvestcraft.barleyitem":27,"stat.pickup.storagedrawers.drawer_key":1,"stat.pickup.forestry.logs.0":307,"stat.drop.mysticalagriculture.slate_seeds":1,"stat.craftItem.minecraft.clay_ball":888,"stat.useItem.harvestcraft.fishandchipsitem":1,"stat.mineBlock.minecraft.planks":13,"stat.drop":288,"stat.craftItem.actuallyadditions.item_misc":62,"stat.drop.mysticalagriculture.wood_essence":10,"stat.pickup.mysticalagriculture.slime_essence":134,"stat.craftItem.harvestcraft.gravyitem":2,"stat.pickup.enderio.item_yeta_wrench":2,"stat.drop.mysticalagriculture.steel_seeds":5,"stat.pickup.mysticalagriculture.black_quartz_seeds":2,"stat.craftItem.minecraft.piston":10,"stat.useItem.actuallyadditions.block_farmer":6,"stat.useItem.immersiveengineering.tool":62,"stat.craftItem.harvestcraft.mayoitem":1,"stat.pickup.agricraft.seed_analyzer":7,"stat.pickup.bigreactors.reactorglass":16,"stat.pickup.mysticalagriculture.rock_crystal_essence":12,"stat.useItem.minecraft.apple":3,"stat.pickup.harvestcraft.blueberryjuiceitem":2,"stat.useItem.minecraft.potion":1,"stat.pickup.harvestcraft.bakewareitem":5,"stat.craftItem.harvestcraft.cuttingboarditem":2,"stat.useItem.minecraft.stone_axe":72,"stat.pickup.appliedenergistics2.wireless_access_point":1,"stat.pickup.enderio.item_item_conduit":244,"stat.pickup.wct.wct":6,"stat.pickup.mysticalagriculture.dark_steel_seeds":2,"stat.pickup.actuallyadditions.item_coffee_seed":3,"stat.useItem.harvestcraft.brusselsproutitem":1,"stat.pickup.harvestcraft.tortillaitem":3,"stat.craftItem.minecraft.iron_bars":0,"stat.craftItem.actuallyadditions.block_crystal":7,"stat.craftItem.cookingforblockheads.recipe_book":2,"stat.mineBlock.minecraft.furnace":1,"stat.useItem.enderio.item_liquid_conduit":6,"stat.pickup.harvestcraft.grapeitem":11,"stat.craftItem.minecraft.lava_bucket":6,"stat.craftItem.harvestcraft.pickledbeetsitem":1,"stat.useItem.harvestcraft.fruitsaladitem":1,"stat.useItem.harvestcraft.pumpkinmuffinitem":1,"stat.damageDealt":131,"stat.pickup.harvestcraft.bambooshootseeditem":3,"stat.mineBlock.actuallyadditions.block_farmer":6,"stat.craftItem.minecraft.gravel":1646,"stat.pickup.harvestcraft.friedeggitem":49,"stat.drop.mysticalagriculture.dirt_essence":2,"stat.useItem.harvestcraft.harvestpumpkinitem":4,"stat.useItem.cookingforblockheads.fridge":1,"stat.useItem.quark.custom_chest":25,"stat.pickup.agricraft.sprinkler":4,"stat.useItem.cookingforblockheads.tool_rack":1,"stat.pickup.minecraft.stick":14,"stat.useItem.harvestcraft.boiledeggitem":1,"stat.pickup.harvestcraft.cabbageitem":2,"stat.pickup.harvestcraft.cantaloupeitem":11,"stat.mineBlock.botania.altar":4,"stat.craftItem.openblocks.elevator":4,"stat.pickup.harvestcraft.harvestpumpkinitem":2,"stat.craftItem.harvestcraft.mortarandpestleitem":1,"stat.mineBlock.rustic.liquid_barrel":3,"stat.craftItem.mekanismgenerators.generator":0,"stat.pickup.mysticalagriculture.silicon_seeds":13,"stat.craftItem.minecraft.redstone":1392,"stat.mineBlock.appliedenergistics2.quartz_growth_accelerator":4,"stat.drop.appliedenergistics2.quartz_glass":2,"stat.craftItem.ic2.crafting":32,"stat.craftItem.appliedenergistics2.crystal_seed":206,"stat.craftItem.mysticalagriculture.xp_droplet":16,"stat.craftItem.appliedenergistics2.crafting_unit":0,"stat.craftItem.mekanism.machineblock2":0,"stat.pickup.harvestcraft.cantaloupeseeditem":4,"stat.mineBlock.enderio.block_reservoir":11,"stat.mineBlock.minecraft.leaves":26,"stat.useItem.harvestcraft.broccoliitem":1,"stat.mineBlock.minecraft.piston":1,"stat.pickup.harvestcraft.strawberryjuiceitem":1,"stat.drop.tconstruct.book":1,"stat.mineBlock.cookingforblockheads.tool_rack":3,"stat.craftItem.harvestcraft.soysauceitem":1,"stat.pickup.mysticalagriculture.copper_essence":11027,"stat.pickup.harvestcraft.blueberryseeditem":2,"stat.pickup.astralsorcery.itemhandtelescope":1,"stat.leaveGame":32,"stat.pickup.quark.dark_oak_trapdoor":8,"stat.pickup.harvestcraft.soybeanitem":41,"stat.pickup.mysticalagriculture.limestone_seeds":5,"stat.pickup.tconstruct.edible":2,"stat.pickup.harvestcraft.peasseeditem":2,"stat.craftItem.minecraft.string":8,"stat.craftItem.minecraft.stone_pressure_plate":1,"stat.pickup.mysticalagriculture.experience_essence":16,"stat.pickup.immersiveengineering.conveyor":3,"stat.pickup.mysticalagriculture.mithril_seeds":4,"stat.pickup.mysticalagriculture.stone_essence":1121,"stat.useItem.betterbuilderswands.wandunbreakable":290,"stat.craftItem.cookingforblockheads.tool_rack":2,"stat.mineBlock.immersiveengineering.treated_wood":1,"stat.pickup.harvestcraft.popcornitem":1,"stat.craftItem.appliedenergistics2.storage_cell_64k":1,"stat.craftItem.quark.dark_oak_trapdoor":6,"stat.pickup.harvestcraft.radishitem":11,"stat.pickup.mysticalagriculture.sky_stone_seeds":2,"stat.pickup.chisel.chisel_iron":13,"stat.mineBlock.openblocks.grave":8,"stat.drop.mekanism.transmitter":2,"stat.pickup.mysticalagriculture.chicken_essence":14,"stat.pickup.mysticalagriculture.signalum_essence":22,"stat.pickup.mysticalagriculture.starmetal_essence":4,"stat.pickup.ic2.crop_seed_bag":1,"stat.craftItem.minecraft.iron_door":6,"stat.pickup.mysticalagriculture.mystical_flower_essence":11,"stat.craftItem.mekanism.energycube":0,"stat.mineBlock.forestry.fences.0":4,"stat.craftItem.appliedenergistics2.crafting_storage_4k":0,"stat.craftItem.harvestcraft.skilletitem":1,"stat.useItem.harvestcraft.peasitem":1,"stat.mineBlock.minecraft.hopper":15,"stat.pickup.thermalfoundation.material":84,"stat.pickup.mysticalagriculture.aluminum_seeds":6,"stat.craftItem.mysticalagradditions.stuff":18,"stat.craftItem.ic2.te":0,"stat.craftItem.immersiveengineering.blueprint":0,"stat.pickup.appliedenergistics2.quartz_growth_accelerator":4,"stat.pickup.mysticalagriculture.pulsating_iron_essence":920,"stat.pickup.chisel.stonebrick":16,"stat.craftItem.harvestcraft.harvestpumpkinitem":1,"stat.drop.agricraft.agri_seed":3,"stat.drop.mysticalagriculture.water_seeds":5,"stat.pickup.mysticalagriculture.diamond_essence":9398,"stat.pickup.mysticalagriculture.glowstone_ingot_seeds":2,"stat.pickup.actuallyadditions.block_ranged_collector":1,"stat.pickup.bigreactors.reactoraccessport":3,"stat.craftItem.minecraft.dropper":0,"stat.useItem.harvestcraft.okraitem":1,"stat.pickup.enderio.item_liquid_conduit":7,"stat.craftItem.immersiveengineering.metal":30,"stat.useItem.harvestcraft.gardensoupitem":2,"stat.pickup.mysticalagriculture.aquarium_seeds":3,"stat.mineBlock.minecraft.tallgrass":5,"stat.pickup.tconstruct.seared":90,"stat.mineBlock.mekanism.machineblock2":1,"stat.pickup.mysticalagriculture.zombie_essence":13,"stat.pickup.mekanism.transmitter":202,"stat.drop.tconstruct.smeltery_io":2,"stat.useItem.bigreactors.reactorglass":80,"stat.craftItem.mekanism.machineblock":0,"stat.pickup.minecraft.arrow":1,"stat.craftItem.appliedenergistics2.part":81,"stat.pickup.harvestcraft.sweetpotatoseeditem":2,"stat.mineBlock.chisel.dirt":3,"stat.useItem.actuallyadditions.item_food":18,"stat.drop.thermalcultivation.watering_can":3,"stat.pickup.mysticalagriculture.aluminum_brass_essence":217,"stat.pickup.actuallyadditions.item_food":21,"stat.mineBlock.minecraft.chest":2,"stat.craftItem.minecraft.hopper":12,"stat.drop.mysticalagriculture.steel_essence":64,"stat.pickup.harvestcraft.steamedpeasitem":1,"stat.pickup.mysticalagriculture.osmium_seeds":65,"stat.pickup.mysticalagriculture.creeper_seeds":7,"stat.pickup.mysticalagriculture.redstone_essence":1663,"stat.pickup.tconstruct.binding":1,"stat.mineBlock.enderio.block_power_monitor":2,"stat.useItem.harvestcraft.lettuceitem":3,"stat.craftItem.harvestcraft.bubblywateritem":1,"stat.pickup.minecraft.wheat_seeds":68,"stat.mineBlock.forestry.planks.0":27,"stat.mineBlock.minecraft.glass":1,"stat.drop.appliedenergistics2.wireless_terminal":1,"stat.useItem.harvestcraft.tatertotsitem":1,"stat.mineBlock.minecraft.dirt":412,"stat.pickup.minecraft.poisonous_potato":1,"stat.pickup.mysticalagriculture.nether_seeds":9,"stat.pickup.immersiveengineering.seed":4,"stat.drop.bigreactors.reactorpowertaprf":1,"stat.drop.actuallyadditions.item_worm":2,"stat.craftItem.harvestcraft.tortillaitem":2,"stat.craftItem.harvestcraft.steamedpeasitem":1,"stat.useItem.minecraft.cobblestone":42,"stat.useItem.tconstruct.pickaxe":857,"stat.craftItem.appliedenergistics2.drive":1,"stat.craftItem.minecraft.gold_ingot":176,"stat.useItem.harvestcraft.sushiitem":1,"stat.pickup.minecraft.hopper":16,"stat.mineBlock.chisel.stonebrick1":2,"stat.useItem.harvestcraft.cabbageitem":1,"stat.craftItem.chisel.chisel_iron":1,"stat.craftItem.quark.custom_bookshelf":1,"stat.craftItem.actuallyadditions.block_farmer":0,"stat.pickup.minecraft.apple":4,"stat.craftItem.immersiveengineering.tool":0,"stat.craftItem.appliedenergistics2.fluix_block":1,"stat.useItem.enderio.block_reservoir":10,"stat.craftItem.harvestcraft.springsaladitem":3,"stat.pickup.mysticalagriculture.skeleton_seeds":5,"stat.craftItem.minecraft.log2":16,"stat.mineBlock.minecraft.log":63,"stat.pickup.harvestcraft.grapejuiceitem":1,"stat.craftItem.minecraft.paper":87,"stat.craftItem.thermalexpansion.frame":0,"stat.pickup.immersiveengineering.connector":9,"stat.useItem.bigreactors.turbinehousing":88,"stat.drop.mysticalagriculture.coal_essence":6,"stat.craftItem.storagedrawers.basicdrawers":20,"stat.pickup.forestry.sapling":97,"stat.craftItem.tconstruct.edible":16,"stat.useItem.tconstruct.mattock":2439,"stat.pickup.astralsorcery.itemcelestialcrystal":2,"stat.drop.forestry.logs.0":145,"stat.craftItem.thermalfoundation.storage_alloy":8,"stat.drop.thermalfoundation.material":33,"stat.craftItem.enderio.item_alloy_ingot":145,"stat.craftItem.minecraft.wool":54,"stat.pickup.mysticalagriculture.fire_seeds":84,"stat.craftItem.harvestcraft.grapejuiceitem":2,"stat.useItem.openblocks.elevator":3,"stat.pickup.harvestcraft.cactusfruititem":8,"stat.useItem.harvestcraft.tomatoitem":1,"stat.useItem.agricraft.crop_sticks":3082,"stat.pickup.mysticalagriculture.yellorium_seeds":73,"stat.mineBlock.enderio.block_tank":1,"stat.craftItem.harvestcraft.bakedsweetpotatoitem":1,"stat.pickup.mysticalagriculture.electrical_steel_essence":27,"stat.pickup.harvestcraft.bambooshootitem":6,"stat.craftItem.harvestcraft.gardensoupitem":3,"stat.useItem.minecraft.egg":32,"stat.pickup.harvestcraft.broccoliitem":4,"stat.pickup.harvestcraft.ryeseeditem":5,"stat.pickup.minecraft.shears":5,"stat.craftItem.minecraft.bow":0,"stat.flyOneCm":4189993,"stat.pickup.enderio.block_power_monitor":2,"stat.craftItem.ic2.cropnalyzer":0,"stat.pickup.mysticalagriculture.electrum_seeds":2,"stat.pickup.actuallyadditions.item_booklet":1,"stat.useItem.forestry.planks.0":25,"stat.pickup.minecraft.fish":1,"stat.mineBlock.immersiveengineering.metal_decoration1":2,"stat.mineBlock.immersiveengineering.metal_decoration0":1,"stat.pickup.mysticalagriculture.dirt_essence":2197,"stat.craftItem.minecraft.stained_glass":56,"stat.craftItem.appliedenergistics2.molecular_assembler":0,"stat.mineBlock.appliedenergistics2.wireless_access_point":1,"stat.timeSinceDeath":364126,"stat.mineBlock.cookingforblockheads.cutting_board":2,"stat.pickup.mysticalagriculture.spider_essence":9,"stat.craftItem.immersiveengineering.treated_wood":0,"stat.drop.quark.spruce_pressure_plate":1,"stat.pickup.harvestcraft.beanitem":17,"stat.useItem.minecraft.potato":19,"stat.pickup.bigreactors.reactorcontroller":2,"stat.craftItem.bigreactors.reactorpowertaprf":0,"stat.pickup.minecraft.spruce_fence":10,"stat.useItem.harvestcraft.blueberryitem":1,"stat.pickup.mysticalagriculture.dye_seeds":2,"stat.pickup.mysticalagriculture.rubber_seeds":2,"stat.drop.astralsorcery.itemrockcrystalsimple":2,"stat.craftItem.minecraft.stone_hoe":1,"stat.drop.minecraft.baked_potato":2,"stat.pickup.harvestcraft.broccoliseeditem":2,"stat.pickup.appliedenergistics2.wireless_terminal":1,"stat.drop.chisel.dirt":1,"stat.useItem.harvestcraft.eggsaladitem":6,"stat.pickup.mysticalagriculture.glowstone_essence":1547,"stat.pickup.mysticalagriculture.lead_essence":279,"stat.craftItem.harvestcraft.batteritem":3,"stat.useItem.enderio.item_yeta_wrench":15,"stat.useItem.harvestcraft.coffeeitem":2,"stat.craftItem.tconstruct.ingots":24,"stat.pickup.mysticalagriculture.lapis_lazuli_seeds":7,"stat.useItem.actuallyadditions.item_coffee_beans":1,"stat.mineBlock.cookingforblockheads.cooking_table":1,"stat.pickup.mekanism.configurator":1,"stat.craftItem.immersiveengineering.wirecoil":0,"stat.pickup.harvestcraft.brusselsproutseeditem":1,"stat.drop.appliedenergistics2.interface":2,"stat.craftItem.harvestcraft.eggsaladitem":6,"stat.diveOneCm":413052,"stat.mineBlock.bigreactors.turbinehousing":8,"stat.pickup.storagedrawers.basicdrawers":22,"stat.useItem.forestry.fences.0":3,"stat.craftItem.ic2.cutter":1,"stat.pickup.minecraft.stone_axe":2,"stat.pickup.harvestcraft.potitem":3,"stat.useItem.harvestcraft.tortillaitem":3,"stat.pickup.ic2.te":8,"stat.craftItem.thermalexpansion.machine":0,"stat.pickup.ic2.cropnalyzer":2,"stat.drop.minecraft.apple":1,"stat.mineBlock.immersiveengineering.connector":6,"stat.pickup.harvestcraft.surfandturfitem":1,"stat.jump":22973,"stat.useItem.minecraft.sand":1,"stat.pickup.mysticalagriculture.grains_of_infinity_seeds":2,"stat.pickup.harvestcraft.celeryseeditem":6,"stat.craftItem.actuallyadditions.item_knife":1,"stat.craftItem.mekanism.transmitter":0,"stat.craftItem.minecraft.torch":384,"stat.pickup.harvestcraft.lettuceseeditem":5,"stat.craftItem.minecraft.glowstone_dust":512,"stat.useItem.minecraft.sapling":15,"stat.craftItem.agricraft.seed_analyzer":2,"stat.damageTaken":5122,"stat.pickup.harvestcraft.cornseeditem":2,"stat.useItem.harvestcraft.radishitem":1,"stat.mineBlock.minecraft.sapling":9,"stat.pickup.tconstruct.ingots":92,"stat.useItem.chisel.glass":48,"stat.pickup.minecraft.potato":156,"stat.pickup.mysticalagriculture.steel_essence":770,"stat.useItem.forge.bucketfilled":4,"stat.useItem.quark.dark_oak_trapdoor":4,"stat.pickup.botania.altar":4,"stat.pickup.harvestcraft.lettuceitem":23,"stat.craftItem.minecraft.stone_slab":12,"stat.useItem.harvestcraft.carrotjuiceitem":1,"stat.useItem.minecraft.chest":1,"stat.useItem.appliedenergistics2.inscriber":19,"stat.craftItem.mekanism.ingot":96,"stat.craftItem.betterbuilderswands.wandunbreakable":7,"stat.pickup.harvestcraft.celeryitem":25,"stat.pickup.mysticalagriculture.graphite_seeds":27,"stat.useItem.bigreactors.turbineglass":92,"stat.useItem.harvestcraft.scallionitem":1,"stat.pickup.minecraft.baked_potato":81,"stat.drop.minecraft.potato":17,"stat.pickup.thermalcultivation.watering_can":11,"stat.mineBlock.minecraft.stonebrick":37,"stat.pickup.mysticalagriculture.basalt_essence":21,"stat.pickup.harvestcraft.strawberryitem":11,"stat.useItem.harvestcraft.celeryitem":6,"stat.craftItem.minecraft.shears":1,"stat.craftItem.harvestcraft.blueberryjuiceitem":1,"stat.pickup.mysticalagriculture.invar_essence":47,"stat.pickup.minecraft.torch":716,"stat.drop.minecraft.stone_axe":2,"stat.drop.minecraft.arrow":3,"stat.pickup.mysticalagradditions.nether_star_essence":164,"stat.craftItem.minecraft.egg":24,"stat.pickup.tconstruct.book":1,"stat.craftItem.minecraft.nether_star":6,"stat.mineBlock.storagedrawers.basicdrawers":21,"stat.mineBlock.forestry.slabs.0":2,"stat.useItem.harvestcraft.seaweeditem":1,"stat.pickup.mysticalagriculture.fire_essence":629,"stat.useItem.harvestcraft.driedsoupitem":1,"stat.useItem.minecraft.planks":12,"stat.drop.harvestcraft.caramelitem":1,"stat.pickup.appliedenergistics2.drive":1,"stat.pickup.minecraft.glass":64,"stat.craftItem.bigreactors.reactorcontrolrod":0,"stat.craftItem.immersiveengineering.metal_device0":0,"stat.craftItem.immersiveengineering.metal_device1":0,"stat.useItem.harvestcraft.popcornitem":1,"stat.mineBlock.bigreactors.reactoraccessport":3,"stat.useItem.minecraft.water_bucket":6,"stat.useItem.harvestcraft.soybeanitem":1,"stat.pickup.openblocks.elevator":1,"stat.pickup.minecraft.sand":11,"stat.useItem.harvestcraft.gravyitem":2,"stat.craftItem.mekanism.basicblock":0,"stat.craftItem.harvestcraft.juiceritem":1,"stat.pickup.appliedenergistics2.certus_quartz_wrench":2,"stat.drop.appliedenergistics2.part":73,"stat.pickup.forestry.planks.0":60,"stat.pickup.immersiveengineering.wirecoil":5,"stat.pickup.harvestcraft.soybeanseeditem":11,"stat.pickup.mysticalagriculture.water_seeds":99,"stat.craftItem.minecraft.hardened_clay":10,"stat.pickup.actuallyadditions.item_worm":448,"stat.craftItem.appliedenergistics2.quartz_growth_accelerator":1,"stat.useItem.immersiveengineering.connector":7,"stat.pickup.appliedenergistics2.crystal_seed":587,"stat.pickup.mysticalagriculture.basalt_seeds":3,"stat.useItem.harvestcraft.leekitem":1,"stat.craftItem.cookingforblockheads.sink":1,"stat.pickup.appliedenergistics2.inscriber":31,"stat.pickup.minecraft.furnace":2,"stat.craftItem.minecraft.ender_pearl":32,"stat.useItem.harvestcraft.bakedsweetpotatoitem":1,"stat.pickup.mysticalagriculture.dark_steel_essence":26,"stat.useItem.harvestcraft.melonjuiceitem":1,"stat.pickup.enderio.item_alloy_nugget":3,"stat.drop.minecraft.wooden_hoe":1,"stat.useItem.rustic.chain":8,"stat.craftItem.minecraft.sand":1024,"stat.craftItem.appliedenergistics2.quartz_glass":48,"stat.pickup.mysticalagriculture.sheep_essence":108,"stat.useItem.minecraft.hopper":12,"stat.drop.tconstruct.faucet":1,"stat.craftItem.harvestcraft.carrotjuiceitem":1,"stat.craftItem.enderio.block_simple_alloy_smelter":0,"stat.craftItem.enderio.block_tank":0,"stat.useItem.harvestcraft.beanitem":1,"stat.craftItem.minecraft.cactus":16,"stat.playOneMinute":3783001,"stat.craftItem.appliedenergistics2.energy_cell":0,"stat.pickup.appliedenergistics2.encoded_pattern":5,"stat.pickup.mysticalagriculture.iron_seeds":124,"stat.pickup.minecraft.dispenser":4,"stat.pickup.mysticalagriculture.skeleton_essence":12,"stat.pickup.mysticalagriculture.glowstone_seeds":54,"stat.pickup.mysticalagriculture.tin_essence":38,"stat.pickup.chisel.dirt":4,"stat.craftItem.immersiveengineering.wooden_device1":0,"stat.pickup.harvestcraft.tomatoitem":4,"stat.pickup.mysticalagriculture.graphite_essence":456,"stat.craftItem.immersiveengineering.wooden_device0":0,"stat.craftItem.appliedenergistics2.material":2003,"stat.mineBlock.minecraft.dispenser":4,"stat.mineBlock.appliedenergistics2.cable_bus":122,"stat.craftItem.harvestcraft.mixingbowlitem":0,"stat.mineBlock.bigreactors.reactorglass":10,"stat.craftItem.minecraft.iron_nugget":9,"stat.craftItem.bigreactors.turbinepowertaprf":0,"stat.fallOneCm":5494299,"stat.pickup.mysticalagriculture.fluix_seeds":9,"stat.pickup.harvestcraft.cuttingboarditem":2,"stat.drop.minecraft.dye":41,"stat.pickup.mysticalagriculture.sky_stone_essence":8,"stat.useItem.bigreactors.reactorcasing":120,"stat.craftItem.minecraft.chest":10,"stat.pickup.mysticalagriculture.nature_seeds":6,"stat.pickup.harvestcraft.friesitem":1,"stat.mineBlock.minecraft.lever":2,"stat.drop.appliedenergistics2.drive":1,"stat.useItem.harvestcraft.cactusfruitjuiceitem":1,"stat.craftItem.harvestcraft.freshwateritem":1,"stat.craftItem.bigreactors.turbineglass":0,"stat.craftItem.enderio.block_reservoir":0,"stat.pickup.minecraft.feather":5,"stat.craftItem.appliedenergistics2.sky_stone_small_brick":16,"stat.craftItem.bigreactors.turbinerotorshaft":0,"stat.pickup.mysticalagriculture.enderman_seeds":25,"stat.pickup.harvestcraft.stockitem":14,"stat.pickup.actuallyadditions.block_farmer":6,"stat.craftItem.wct.wct":0,"stat.pickup.mysticalagriculture.aquamarine_essence":12,"stat.mineBlock.minecraft.spruce_fence":11,"stat.craftItem.ic2.crop_stick":0,"stat.useItem.minecraft.stone_pickaxe":3,"stat.drop.tconstruct.seared":48,"stat.pickup.mysticalagriculture.wither_skeleton_essence":4,"stat.mineBlock.quark.dark_oak_trapdoor":2,"stat.pickup.mysticalagriculture.gold_seeds":60,"stat.pickup.mysticalagriculture.sapphire_essence":6,"stat.craftItem.harvestcraft.stockitem":13,"stat.pickup.enderio.item_basic_item_filter":21,"stat.mineBlock.quark.stone_speleothem":1,"stat.craftItem.appliedenergistics2.energy_acceptor":1,"stat.pickup.minecraft.log":73,"stat.pickup.mekanism.machineblock":8,"stat.craftItem.bigreactors.turbinerotorblade":0,"stat.useItem.appliedenergistics2.encoded_pattern":1,"stat.pickup.immersiveengineering.mold":1,"stat.pickup.mysticalagriculture.dye_essence":37,"stat.useItem.harvestcraft.cantaloupeitem":1,"stat.pickup.harvestcraft.beanseeditem":5,"stat.craftItem.storagedrawers.tape":1,"stat.craftItem.thermaldynamics.duct_0":0,"stat.drop.mekanism.configurator":1,"stat.useItem.minecraft.stone_hoe":24,"stat.pickup.chisel.bricks":1,"stat.craftItem.appliedenergistics2.interface":0,"stat.useItem.storagedrawers.trim":7,"stat.pickup.mysticalagriculture.experience_seeds":1,"stat.mineBlock.forestry.sapling_ge":35,"stat.pickup.immersiveengineering.metal_device0":2,"stat.pickup.immersiveengineering.metal_device1":3,"stat.sneakTime":230607,"stat.craftItem.appliedenergistics2.controller":2,"stat.pickup.mysticalagriculture.mystical_flower_seeds":2,"stat.useItem.minecraft.beetroot":1,"stat.pickup.minecraft.chest":3,"stat.useItem.thermalfoundation.storage_alloy":7,"stat.useItem.appliedenergistics2.controller":2,"stat.mineBlock.bigreactors.reactorcasing":46,"stat.useItem.agricraft.water_tank":133,"stat.craftItem.immersiveengineering.connector":0,"stat.useItem.harvestcraft.friesitem":2,"stat.useItem.harvestcraft.ricecakeitem":1,"stat.useItem.harvestcraft.cactusfruititem":1,"stat.swimOneCm":23207,"stat.pickup.mysticalagriculture.saltpeter_essence":3,"stat.pickup.mysticalagriculture.certus_quartz_essence":2334,"stat.useItem.harvestcraft.strawberryitem":1,"stat.useItem.minecraft.dirt":2064,"stat.useItem.harvestcraft.springsaladitem":3,"stat.useItem.harvestcraft.barleyitem":2,"stat.pickup.mysticalagriculture.yellorium_essence":256,"stat.pickup.appliedenergistics2.material":430,"stat.pickup.mysticalagriculture.sulfur_seeds":1,"stat.pickup.mysticalagriculture.enderium_seeds":1,"stat.craftItem.harvestcraft.cactusfruitjuiceitem":1,"stat.drop.minecraft.wheat_seeds":1,"stat.pickup.mysticalagriculture.aluminum_essence":23,"stat.craftItem.minecraft.wooden_slab":0,"stat.mineBlock.openblocks.elevator":1,"stat.pickup.harvestcraft.leekitem":5,"stat.pickup.enderio.item_ender_food":1,"stat.useItem.bigreactors.turbinerotorblade":17,"stat.craftItem.actuallyadditions.item_food":20,"stat.mineBlock.bigreactors.reactorcontroller":2,"stat.pickup.mysticalagriculture.pulsating_iron_seeds":72,"stat.mineBlock.mekanismgenerators.generator":3,"stat.craftItem.harvestcraft.ricecakeitem":2,"stat.craftItem.minecraft.red_sandstone":9,"stat.pickup.minecraft.stonebrick":105,"stat.pickup.mysticalagriculture.cow_essence":8,"stat.useItem.appliedenergistics2.quartz_growth_accelerator":5,"stat.useItem.immersiveengineering.treated_wood":1,"stat.pickup.mysticalagriculture.marble_seeds":9,"stat.craftItem.minecraft.brick_block":26,"stat.craftItem.mekanism.energytablet":0,"stat.craftItem.minecraft.stone_slab2":4,"stat.pickup.mysticalagriculture.water_essence":1513,"stat.craftItem.mekanism.gastank":0,"stat.pickup.mysticalagriculture.stone_seeds":16,"stat.pickup.mysticalagriculture.rock_crystal_seeds":3,"stat.pickup.actuallyadditions.item_misc":30,"stat.craftItem.agricraft.sprinkler":2,"stat.pickup.mysticalagriculture.vibrant_alloy_essence":98,"stat.useItem.immersiveengineering.wirecoil":32,"stat.craftItem.minecraft.stone":28,"stat.drop.astralsorcery.blockcelestialgateway":1,"stat.useItem.tconstruct.casting":1,"stat.mineBlock.minecraft.crafting_table":1,"stat.craftItem.cookingforblockheads.oven":1,"stat.useItem.minecraft.carrot":7,"stat.useItem.minecraft.wheat":13,"stat.pickup.cookingforblockheads.tool_rack":3,"stat.craftItem.mekanism.energyupgrade":0,"stat.pickup.mysticalagriculture.diamond_seeds":95,"stat.pickup.minecraft.slime_ball":2,"stat.drop.tconstruct.mattock":1,"stat.craftItem.minecraft.clay":52,"stat.pickup.mysticalagriculture.ice_essence":10,"stat.pickup.harvestcraft.driedsoupitem":1,"stat.useItem.bigreactors.turbinerotorshaft":10,"stat.craftItem.bigreactors.reactorcoolantport":0,"stat.pickup.minecraft.gravel":2,"stat.mineBlock.tconstruct.smeltery_controller":1,"stat.craftItem.actuallyadditions.block_dropper":0,"stat.useItem.harvestcraft.scrambledeggitem":2,"stat.mineBlock.appliedenergistics2.drive":1,"stat.pickup.mysticalagriculture.obsidian_seeds":2,"stat.pickup.tconstruct.tool_rod":1,"stat.useItem.harvestcraft.grapejuiceitem":1,"stat.pickup.mysticalagriculture.redstone_seeds":95,"stat.pickup.astralsorcery.itemrockcrystalsimple":2,"stat.useItem.immersiveengineering.metal_decoration1":4,"stat.useItem.immersiveengineering.metal_decoration0":2,"stat.useItem.storagedrawers.basicdrawers":31,"stat.useItem.minecraft.wooden_hoe":8,"stat.pickup.enderio.item_power_conduit":49,"stat.useItem.minecraft.piston":1,"stat.pickup.mysticalagriculture.nether_essence":15,"stat.pickup.harvestcraft.candleberryseeditem":2,"stat.useItem.harvestcraft.surfandturfitem":1,"stat.pickup.mysticalagriculture.limestone_essence":13,"stat.craftItem.tconstruct.book":2,"stat.pickup.mysticalagriculture.saltpeter_seeds":2,"stat.craftItem.immersiveengineering.metal_decoration1":0,"stat.craftItem.immersiveengineering.metal_decoration0":0,"stat.pickup.harvestcraft.pumpkinmuffinitem":1,"stat.pickup.quark.custom_chest":21,"stat.pickup.mysticalagriculture.invar_seeds":2,"stat.mineBlock.minecraft.mycelium":4,"stat.dispenserInspected":29,"stat.mineBlock.immersiveengineering.conveyor":3,"stat.pickup.harvestcraft.blueberryitem":5,"stat.pickup.minecraft.reeds":96,"stat.pickup.tconstruct.materials":461,"stat.drop.mysticalagriculture.fire_essence":54,"stat.pickup.mysticalagriculture.soularium_seeds":1,"stat.craftItem.minecraft.glass":46,"stat.craftItem.minecraft.cauldron":0,"stat.mineBlock.chisel.auto_chisel":8,"stat.craftItem.minecraft.baked_potato":68,"stat.craftItem.minecraft.iron_sword":0,"stat.pickup.minecraft.piston":3,"stat.walkOneCm":8633732,"stat.playerKills":1,"stat.mineBlock.ic2.te":11,"stat.craftItem.quark.custom_chest":27,"stat.drop.appliedenergistics2.material":5,"stat.craftItem.harvestcraft.seedsoupitem":1,"stat.pickup.immersiveengineering.treated_wood":1,"stat.pickup.harvestcraft.cactusfruitseeditem":1,"stat.pickup.betterbuilderswands.wandunbreakable":4,"stat.mineBlock.appliedenergistics2.controller":2,"stat.pickup.mysticalagriculture.slate_essence":5,"stat.pickup.mysticalagriculture.silver_essence":39,"stat.drop.minecraft.emerald":1,"stat.useItem.bigreactors.turbinefluidport":1,"stat.pickup.harvestcraft.cabbageseeditem":1,"stat.pickup.cookingforblockheads.cooking_table":1,"stat.useItem.harvestcraft.strawberryjuiceitem":1,"stat.mineBlock.minecraft.redstone_torch":1,"stat.pickup.mysticalagriculture.platinum_seeds":2,"stat.craftItem.forestry.slabs.0":6,"stat.craftItem.agricraft.water_channel_valve":9,"stat.craftItem.ic2.resource":0,"stat.useItem.harvestcraft.ryeitem":3,"stat.pickup.storagedrawers.upgrade_storage":19,"stat.useItem.bigreactors.reactorcontrolrod":3,"stat.pickup.minecraft.water_bucket":18,"stat.pickup.mysticalagriculture.energetic_alloy_seeds":2,"stat.useItem.appliedenergistics2.part":136,"stat.mineBlock.tconstruct.casting":3,"stat.useItem.appliedenergistics2.interface":4,"stat.craftItem.minecraft.brick":120,"stat.mineBlock.minecraft.stone":1}