{"stat.useItem.minecraft.bow":35,"stat.craftItem.basemetals.starsteel_rod":0,"stat.pickup.agricraft.crop_sticks":1201,"stat.pickup.appliedenergistics2.crafting_storage_4k":4,"stat.pickup.rustic.chain":41,"stat.pickup.tconstruct.faucet":4,"stat.pickup.harvestcraft.seaweeditem":11,"stat.pickup.minecraft.rotten_flesh":1,"stat.pickup.mysticalagriculture.dirt_seeds":65,"stat.pickup.minecraft.bucket":15,"stat.useItem.mekanism.configurator":3,"stat.pickup.harvestcraft.scallionitem":4,"stat.pickup.mysticalagriculture.manasteel_seeds":3,"stat.craftItem.minecraft.glass_pane":0,"stat.mineBlock.forestry.logs.0":174,"stat.pickup.mysticalagriculture.lapis_lazuli_essence":20,"stat.pickup.actuallyadditions.block_coal_generator":1,"stat.furnaceInteraction":116,"stat.craftItem.simplyjetpacks.itemjetpack":0,"stat.pickup.mysticalagriculture.starmetal_seeds":9,"stat.pickup.harvestcraft.cornitem":11,"stat.craftItem.harvestcraft.strawberryjuiceitem":2,"stat.craftItem.enderio.block_fused_quartz":8,"stat.useItem.basemetals.starsteel_crossbow":16,"stat.drop.minecraft.cactus":2,"stat.pickup.mysticalagriculture.wood_seeds":4,"stat.drop.appliedenergistics2.crystal_seed":35,"stat.craftItem.actuallyadditions.item_battery":0,"stat.pickup.appliedenergistics2.vibration_chamber":1,"stat.pickup.actuallyadditions.item_crystal":267,"stat.drop.minecraft.furnace":1,"stat.mineBlock.bigreactors.turbinerotorshaft":3,"stat.pickup.mysticalagriculture.copper_seeds":20,"stat.mineBlock.astralsorcery.blockmarble":257,"stat.drop.minecraft.cooked_fish":1,"stat.pickup.minecraft.lever":16,"stat.deaths":8,"stat.useItem.tconstruct.smeltery_io":2,"stat.pickup.minecraft.egg":371,"stat.pickup.mysticalagriculture.nickel_seeds":1,"stat.pickup.appliedenergistics2.crafting_storage_1k":2,"stat.pickup.thermalexpansion.tank":3,"stat.pickup.basemetals.starsteel_leggings":1,"stat.pickup.minecraft.glass_pane":3,"stat.pickup.mekanism.energycube":2,"stat.pickup.tconstruct.mattock":7,"stat.drop.minecraft.iron_ingot":11,"stat.mineBlock.thermalexpansion.machine":1,"stat.pickup.enderio.block_fused_glass":2,"stat.chestOpened":15,"stat.craftItem.minecraft.mossy_cobblestone":0,"stat.craftItem.harvestcraft.raisinsitem":5,"stat.drop.mysticalagriculture.pulsating_iron_seeds":1,"stat.drop.rustic.chain":10,"stat.craftItem.minecraft.quartz_block":0,"stat.mineBlock.appliedenergistics2.crafting_accelerator":5,"stat.craftItem.appliedenergistics2.network_tool":0,"stat.craftItem.minecraft.coal":792,"stat.pickup.mysticalagriculture.mithril_essence":1,"stat.pickup.mysticalagriculture.enderman_essence":21,"stat.useItem.harvestcraft.candleberryitem":1,"stat.pickup.minecraft.carrot":35,"stat.drop.astralsorcery.itemcelestialcrystal":18,"stat.crouchOneCm":239377,"stat.craftItem.minecraft.diamond":14,"stat.craftItem.minecraft.iron_ingot":237,"stat.pickup.mysticalagriculture.chicken_seeds":3,"stat.pickup.enderio.block_painter":1,"stat.pickup.mysticalagriculture.coal_essence":1056,"stat.pickup.mysticalagriculture.emerald_essence":297,"stat.craftingTableInteraction":234,"stat.mineBlock.appliedenergistics2.inscriber":8,"stat.craftItem.tconstruct.pattern":53,"stat.drop.mysticalagriculture.rock_crystal_seeds":3,"stat.mineBlock.tconstruct.smeltery_io":5,"stat.craftItem.rustic.chain":12,"stat.drop.mysticalagriculture.enderman_essence":1,"stat.pickup.mysticalagriculture.energetic_alloy_essence":192,"stat.pickup.mysticalagriculture.conductive_iron_seeds":1,"stat.craftItem.harvestcraft.popcornitem":3,"stat.craftItem.enderio.item_power_conduit":0,"stat.pickup.minecraft.dye":13,"stat.pickup.mysticalagriculture.cow_seeds":2,"stat.pickup.minecraft.planks":1,"stat.pickup.mysticalagriculture.grains_of_infinity_essence":377,"stat.pickup.mysticalagriculture.sheep_seeds":2,"stat.pickup.enderio.item_material":3,"stat.pickup.bigreactors.reactorpowertaprf":2,"stat.mineBlock.enderio.block_painter":1,"stat.pickup.actuallyadditions.block_display_stand":5,"stat.craftItem.enderio.item_alloy_nugget":0,"stat.drop.harvestcraft.tatertotsitem":1,"stat.pickup.mysticalagriculture.electrical_steel_seeds":1,"stat.pickup.tconstruct.pattern":3,"stat.pickup.mysticalagriculture.fluix_essence":331,"stat.drop.minecraft.rotten_flesh":1,"stat.pickup.appliedenergistics2.energy_acceptor":1,"stat.pickup.tconstruct.pickaxe":4,"stat.mineBlock.appliedenergistics2.vibration_chamber":1,"stat.pickup.harvestcraft.peasitem":2,"stat.pickup.quark.spruce_pressure_plate":2,"stat.useItem.agricraft.water_channel_valve":5,"stat.useItem.harvestcraft.sweetpotatoitem":1,"stat.pickup.mysticalagriculture.star_steel_essence":192,"stat.pickup.astralsorcery.blockwell":1,"stat.mineBlock.rustic.barrel":2,"stat.pickup.mysticalagriculture.zombie_seeds":3,"stat.drop.minecraft.sapling":1,"stat.mineBlock.appliedenergistics2.crafting_storage_4k":4,"stat.pickup.mysticalagriculture.manasteel_essence":6,"stat.drop.minecraft.fish":1,"stat.pickup.minecraft.coal_block":123,"stat.mineBlock.actuallyadditions.block_atomic_reconstructor":1,"stat.craftItem.minecraft.bucket":15,"stat.pickup.mysticalagriculture.black_quartz_essence":132,"stat.craftItem.minecraft.planks":296,"stat.craftItem.minecraft.dirt":168,"stat.pickup.harvestcraft.kiwiitem":5,"stat.craftItem.minecraft.fishing_rod":0,"stat.useItem.minecraft.stonebrick":1565,"stat.craftItem.minecraft.log":16,"stat.pickup.appliedenergistics2.crafting_storage_64k":7,"stat.pickup.appliedenergistics2.part":240,"stat.craftItem.minecraft.cobblestone":160,"stat.mineBlock.forestry.leaves":104,"stat.useItem.agricraft.water_channel_full":4,"stat.mineBlock.minecraft.cobblestone":1,"stat.mineBlock.minecraft.pumpkin":1,"stat.drop.harvestcraft.popcornitem":1,"stat.pickup.minecraft.flint":5,"stat.craftItem.simplyjetpacks.metaitemmods":0,"stat.drop.harvestcraft.strawberryjuiceitem":1,"stat.drop.harvestcraft.sushiitem":1,"stat.pickup.appliedenergistics2.molecular_assembler":242,"stat.drop.mysticalagriculture.iron_seeds":2,"stat.craftItem.minecraft.clock":0,"stat.useItem.minecraft.stone_slab2":570,"stat.pickup.astralsorcery.blockattunementrelay":30,"stat.pickup.forge.bucketfilled":1,"stat.craftItem.harvestcraft.fruitsaladitem":2,"stat.craftItem.minecraft.furnace":9,"stat.mineBlock.mekanism.transmitter":39,"stat.craftItem.minecraft.lapis_block":1,"stat.useItem.harvestcraft.grapeitem":1,"stat.craftItem.enderio.block_dark_iron_bars":0,"stat.drop.mysticalagriculture.nature_essence":7,"stat.mineBlock.appliedenergistics2.crafting_storage_1k":2,"stat.craftItem.bigreactors.ingotmetals":0,"stat.pickup.rustic.table_oak":3,"stat.pickup.agricraft.water_channel_normal":106,"stat.craftItem.basemetals.starsteel_ingot":72,"stat.pickup.appliedenergistics2.storage_cell_64k":5,"stat.drop.mysticalagriculture.dirt_seeds":9,"stat.useItem.harvestcraft.caramelitem":1,"stat.pickup.rustic.liquid_barrel":3,"stat.craftItem.minecraft.iron_block":11,"stat.pickup.thermalexpansion.dynamo":1,"stat.craftItem.minecraft.stonebrick":3642,"stat.pickup.mysticalagriculture.slate_seeds":3,"stat.pickup.actuallyadditions.block_crystal":64,"stat.pickup.astralsorcery.blockcelestialgateway":4,"stat.pickup.mysticalagriculture.wood_essence":10,"stat.ae2.ItemsInserted":22775,"stat.pickup.enderio.block_tank":2,"stat.pickup.mysticalagriculture.creeper_essence":8,"stat.useItem.actuallyadditions.block_display_stand":6,"stat.drop.mysticalagriculture.aquamarine_seeds":4,"stat.drop.mysticalagriculture.aluminum_seeds":2,"stat.useItem.astralsorcery.itemusabledust":8,"stat.sprintOneCm":3495759,"stat.useItem.harvestcraft.friedeggitem":10,"stat.useItem.minecraft.snowball":16,"stat.useItem.enderio.item_power_conduit":2,"stat.craftItem.harvestcraft.ketchupitem":1,"stat.craftItem.storagedrawers.trim":0,"stat.craftItem.enderio.item_yeta_wrench":0,"stat.killEntity.Zombie":1,"stat.craftItem.minecraft.dye":101,"stat.mineBlock.rustic.table_oak":3,"stat.pickup.ic2.crop_stick":1,"stat.craftItem.storagedrawers.compdrawers":0,"stat.pickup.minecraft.wheat":52,"stat.craftItem.harvestcraft.friedeggitem":14,"stat.drop.astralsorcery.itemcraftingcomponent":13,"stat.pickup.mysticalagriculture.lead_seeds":2,"stat.pickup.mysticalagriculture.gold_essence":165,"stat.mineBlock.rustic.chain":4,"stat.pickup.harvestcraft.ryeitem":2,"stat.craftItem.harvestcraft.bamboosteamedriceitem":1,"stat.mineBlock.appliedenergistics2.energy_acceptor":1,"stat.pickup.minecraft.coal":288,"stat.pickup.minecraft.iron_ingot":18,"stat.pickup.tconstruct.seared_tank":1,"stat.craftItem.appliedenergistics2.certus_quartz_cutting_knife":0,"stat.craftItem.minecraft.lever":14,"stat.pickup.minecraft.gunpowder":1,"stat.pickup.minecraft.dirt":1036,"stat.useItem.astralsorcery.blockblackmarble":182,"stat.pickup.harvestcraft.scrambledeggitem":1,"stat.pickup.astralsorcery.blockcelestialcollectorcrystal":11,"stat.craftItem.basemetals.starsteel_shield":1,"stat.useItem.minecraft.stone_brick_stairs":110,"stat.mineBlock.minecraft.torch":19,"stat.craftItem.astralsorcery.itemcraftingcomponent":281,"stat.craftItem.minecraft.comparator":0,"stat.pickup.appliedenergistics2.biometric_card":2,"stat.pickup.appliedenergistics2.interface":175,"stat.drop.actuallyadditions.item_food":4,"stat.drop.agricraft.crop_sticks":5,"stat.craftItem.tconstruct.smeltery_io":1,"stat.mineBlock.appliedenergistics2.molecular_assembler":72,"stat.useItem.enderio.block_fused_glass":22,"stat.drop.minecraft.wheat":1,"stat.useItem.agricraft.sprinkler":8,"stat.craftItem.harvestcraft.flouritem":15,"stat.useItem.minecraft.lava_bucket":2,"stat.drop.tconstruct.materials":1,"stat.useItem.actuallyadditions.item_worm":9,"stat.pickup.questbook.itemquestbook":1,"stat.drop.enderio.item_yeta_wrench":2,"stat.useItem.minecraft.melon":25,"stat.mineBlock.quark.gunpowder_block":1,"stat.mineBlock.appliedenergistics2.condenser":1,"stat.drop.basemetals.starsteel_crossbow":1,"stat.craftItem.agricraft.water_channel_normal":72,"stat.pickup.mysticalagriculture.marble_essence":598,"stat.pickup.mysticalagriculture.silicon_essence":170,"stat.mobKills":1,"stat.pickup.actuallyadditions.block_dropper":2,"stat.craftItem.rustic.table_oak":2,"stat.pickup.minecraft.diamond":1,"stat.pickup.minecraft.beetroot_seeds":2,"stat.drop.mysticalagriculture.fluix_essence":8,"stat.pickup.astralsorcery.blockmarble":689,"stat.craftItem.actuallyadditions.block_display_stand":0,"stat.useItem.enderio.item_item_conduit":24,"stat.useItem.harvestcraft.raisinsitem":1,"stat.drop.harvestcraft.potitem":1,"stat.pickup.mysticalagriculture.certus_quartz_seeds":2,"stat.craftItem.harvestcraft.cornmealitem":3,"stat.craftItem.simplyjetpacks.metaitem":0,"stat.drop.agricraft.water_channel_normal":3,"stat.pickup.mysticalagriculture.iron_essence":984,"stat.useItem.minecraft.poisonous_potato":1,"stat.pickup.mysticalagriculture.nether_quartz_essence":12,"stat.craftItem.appliedenergistics2.wireless_terminal":0,"stat.pickup.minecraft.glowstone_dust":1,"stat.craftItem.actuallyadditions.block_atomic_reconstructor":1,"stat.drop.harvestcraft.stockitem":24,"stat.mineBlock.minecraft.stone_brick_stairs":10,"stat.drop.minecraft.poisonous_potato":3,"stat.pickup.rustic.barrel":2,"stat.pickup.appliedenergistics2.crafting_accelerator":5,"stat.drop.appliedenergistics2.biometric_card":1,"stat.useItem.appliedenergistics2.molecular_assembler":92,"stat.pickup.tconstruct.metal":1,"stat.useItem.harvestcraft.kiwijuiceitem":1,"stat.craftItem.actuallyadditions.block_misc":2,"stat.pickup.mysticalagriculture.aquamarine_seeds":60,"stat.pickup.forestry.slabs.0":10,"stat.craftItem.tconstruct.casting":3,"stat.pickup.minecraft.wooden_hoe":6,"stat.pickup.astralsorcery.blockattunementaltar":4,"stat.mineBlock.minecraft.sand":19,"stat.useItem.harvestcraft.stockitem":22,"stat.drop.astralsorcery.itemhandtelescope":1,"stat.drop.appliedenergistics2.encoded_pattern":1,"stat.hopperInspected":51,"stat.craftItem.basemetals.starsteel_boots":1,"stat.mineBlock.bigreactors.reactorpowertaprf":1,"stat.pickup.astralsorcery.itemjournal":3,"stat.pickup.mysticalagriculture.aluminum_brass_seeds":24,"stat.craftItem.thermalcultivation.watering_can":4,"stat.craftItem.enderio.item_material":1,"stat.pickup.bigreactors.reactorredstoneport":1,"stat.craftItem.thermalfoundation.material":29,"stat.mineBlock.enderio.block_alloy_smelter":2,"stat.pickup.mysticalagriculture.nature_essence":44,"stat.drop.wct.wct":1,"stat.useItem.betterbuilderswands.wanddiamond":20,"stat.pickup.minecraft.pumpkin_seeds":2,"stat.mineBlock.appliedenergistics2.dense_energy_cell":1,"stat.pickup.minecraft.mycelium":47,"stat.drop.astralsorcery.itemusabledust":1,"stat.pickup.betterquesting.guide_book":1,"stat.mineBlock.rustic.table_spruce":2,"stat.pickup.minecraft.pumpkin":24,"stat.pickup.appliedenergistics2.grindstone":1,"stat.craftItem.appliedenergistics2.nether_quartz_wrench":0,"stat.useItem.minecraft.fish":1,"stat.pickup.tconstruct.casting":3,"stat.craftItem.minecraft.flint":43,"stat.craftItem.minecraft.prismarine_shard":0,"stat.craftItem.actuallyadditions.block_coal_generator":1,"stat.craftItem.minecraft.mycelium":16,"stat.pickup.harvestcraft.candleberryitem":7,"stat.pickup.minecraft.melon_seeds":5,"stat.craftItem.tconstruct.toolforge":1,"stat.craftItem.appliedenergistics2.dense_energy_cell":0,"stat.pickup.minecraft.melon":40,"stat.pickup.mysticalagriculture.rubber_essence":11,"stat.useItem.harvestcraft.steamedpeasitem":1,"stat.craftItem.minecraft.wooden_button":0,"stat.drop.mysticalagriculture.glowstone_seeds":15,"stat.useItem.minecraft.furnace":10,"stat.pickup.agricraft.water_tank":223,"stat.craftItem.tconstruct.materials":512,"stat.pickup.betterbuilderswands.wandstone":1,"stat.pickup.mysticalagriculture.emerald_seeds":5,"stat.mineBlock.bigreactors.reactorredstoneport":1,"stat.drop.betterquesting.guide_book":2,"stat.pickup.mysticalagriculture.ender_biotite_essence":7,"stat.pickup.basemetals.starsteel_pickaxe":1,"stat.craftItem.openblocks.hang_glider":1,"stat.mineBlock.minecraft.gravel":86,"stat.drop.harvestcraft.harvestpumpkinitem":1,"stat.craftItem.minecraft.leather":16,"stat.pickup.mekanism.ingot":12,"stat.useItem.minecraft.torch":1,"stat.pickup.minecraft.crafting_table":6,"stat.useItem.minecraft.log":6,"stat.craftItem.minecraft.crafting_table":5,"stat.pickup.astralsorcery.itemtunedcelestialcrystal":6,"stat.pickup.enderio.block_simple_alloy_smelter":1,"stat.craftItem.quark.spruce_pressure_plate":0,"stat.craftItem.harvestcraft.melonjuiceitem":1,"stat.useItem.minecraft.cooked_fish":1,"stat.craftItem.basemetals.starsteel_bolt":0,"stat.drop.minecraft.stonebrick":39,"stat.pickup.astralsorcery.blockaltar":7,"stat.craftItem.minecraft.stone_button":1,"stat.craftItem.enderio.item_basic_item_filter":4,"stat.craftItem.betterbuilderswands.wanddiamond":0,"stat.craftItem.harvestcraft.bakewareitem":1,"stat.drop.harvestcraft.tortillaitem":1,"stat.pickup.mysticalagriculture.ender_biotite_seeds":1,"stat.pickup.minecraft.sapling":243,"stat.useItem.harvestcraft.kiwiitem":1,"stat.craftItem.astralsorcery.blockaltar":1,"stat.drop.harvestcraft.kiwijuiceitem":1,"stat.useItem.agricraft.water_channel_normal":97,"stat.pickup.mysticalagriculture.guardian_essence":60,"stat.pickup.minecraft.beetroot":16,"stat.useItem.appliedenergistics2.nether_quartz_wrench":112,"stat.craftItem.thermalexpansion.capacitor":0,"stat.useItem.appliedenergistics2.certus_quartz_wrench":18,"stat.pickup.mysticalagriculture.coal_seeds":2,"stat.mineBlock.mekanism.machineblock":6,"stat.pickup.projectred-transportation.pipe":2,"stat.craftItem.minecraft.sugar":1,"stat.useItem.appliedenergistics2.crafting_unit":19,"stat.drop.minecraft.bucket":1,"stat.useItem.minecraft.baked_potato":18,"stat.craftItem.harvestcraft.friesitem":1,"stat.drop.rustic.iron_lantern":1,"stat.craftItem.minecraft.bone":24,"stat.mineBlock.actuallyadditions.block_dropper":2,"stat.craftItem.appliedenergistics2.condenser":0,"stat.pickup.mysticalagriculture.nether_quartz_seeds":1,"stat.climbOneCm":793,"stat.pickup.agricraft.water_channel_full":1,"stat.craftItem.appliedenergistics2.crank":1,"stat.mineBlock.mekanism.energycube":3,"stat.pickup.thermalexpansion.machine":1,"stat.drop.harvestcraft.cuttingboarditem":1,"stat.craftItem.basemetals.starsteel_pickaxe":1,"stat.ae2.ItemsExtracted":15145,"stat.pickup.harvestcraft.okraitem":1,"stat.craftItem.forestry.planks.0":832,"stat.useItem.tconstruct.lumberaxe":1635,"stat.mineBlock.appliedenergistics2.interface":80,"stat.useItem.harvestcraft.bambooshootitem":1,"stat.craftItem.minecraft.quartz":0,"stat.pickup.appliedenergistics2.controller":16,"stat.pickup.rustic.table_spruce":2,"stat.pickup.minecraft.cobblestone":133,"stat.craftItem.actuallyadditions.block_ranged_collector":0,"stat.craftItem.basemetals.starsteel_leggings":1,"stat.craftItem.minecraft.glass_bottle":3,"stat.mineBlock.quark.custom_chest":21,"stat.pickup.minecraft.cactus":2,"stat.pickup.minecraft.redstone":278,"stat.ae2.TurnedCranks":417,"stat.useItem.mekanism.transmitter":88,"stat.craftItem.minecraft.book":1,"stat.pickup.harvestcraft.caramelitem":1,"stat.craftItem.minecraft.cake":0,"stat.useItem.ic2.crop_stick":2,"stat.useItem.harvestcraft.cornitem":1,"stat.drop.harvestcraft.surfandturfitem":1,"stat.useItem.harvestcraft.bamboosteamedriceitem":1,"stat.pickup.tconstruct.soil":64,"stat.craftItem.enderio.block_alloy_smelter":0,"stat.pickup.agricraft.water_channel_valve":7,"stat.mineBlock.actuallyadditions.block_display_stand":5,"stat.craftItem.tconstruct.soil":512,"stat.drop.harvestcraft.bakedsweetpotatoitem":1,"stat.craftItem.harvestcraft.pumpkinmuffinitem":2,"stat.pickup.tconstruct.smeltery_controller":1,"stat.useItem.enderio.item_ender_food":1,"stat.pickup.botania.petal":95,"stat.craftItem.rustic.chair_oak":4,"stat.pickup.rustic.chandelier":6,"stat.useItem.minecraft.spruce_fence":26,"stat.craftItem.minecraft.milk_bucket":0,"stat.craftItem.minecraft.stick":528,"stat.drop.quark.stone_speleothem":1,"stat.craftItem.thermalexpansion.dynamo":0,"stat.craftItem.agricraft.crop_sticks":328,"stat.pickup.agricraft.agri_seed":101,"stat.craftItem.minecraft.gold_nugget":0,"stat.craftItem.actuallyadditions.item_drill_upgrade_speed":0,"stat.pickup.mysticalagriculture.steel_seeds":2,"stat.pickup.harvestcraft.barleyitem":1,"stat.pickup.forestry.logs.0":482,"stat.drop.harvestcraft.boiledeggitem":2,"stat.drop.mysticalagriculture.slate_seeds":1,"stat.craftItem.minecraft.clay_ball":360,"stat.mineBlock.actuallyadditions.block_ranged_collector":4,"stat.drop":359,"stat.craftItem.actuallyadditions.item_misc":55,"stat.drop.harvestcraft.friedeggitem":3,"stat.useItem.tconstruct.seared":56,"stat.mineBlock.astralsorcery.blockmachine":4,"stat.pickup.mysticalagriculture.slime_essence":39,"stat.craftItem.harvestcraft.tatertotsitem":3,"stat.pickup.enderio.item_yeta_wrench":1,"stat.pickup.mysticalagriculture.black_quartz_seeds":23,"stat.craftItem.minecraft.piston":2,"stat.craftItem.harvestcraft.mayoitem":8,"stat.pickup.bigreactors.reactorglass":2,"stat.pickup.mysticalagriculture.rock_crystal_essence":592,"stat.useItem.minecraft.apple":5,"stat.pickup.harvestcraft.bakewareitem":1,"stat.useItem.minecraft.stone_axe":7,"stat.pickup.appliedenergistics2.wireless_access_point":4,"stat.pickup.enderio.item_item_conduit":37,"stat.pickup.wct.wct":1,"stat.drop.minecraft.glass":1,"stat.craftItem.agricraft.water_channel_full":4,"stat.craftItem.actuallyadditions.block_empowerer":0,"stat.pickup.mysticalagriculture.dark_steel_seeds":1,"stat.pickup.astralsorcery.itemusabledust":113,"stat.pickup.actuallyadditions.item_coffee_seed":1,"stat.pickup.rustic.tomato_seeds":2,"stat.useItem.harvestcraft.brusselsproutitem":1,"stat.mineBlock.tconstruct.tooltables":13,"stat.craftItem.minecraft.iron_bars":32,"stat.mineBlock.minecraft.furnace":8,"stat.useItem.enderio.item_liquid_conduit":10,"stat.pickup.mysticalagriculture.conductive_iron_essence":43,"stat.pickup.astralsorcery.itemlinkingtool":1,"stat.pickup.harvestcraft.grapeitem":9,"stat.craftItem.minecraft.lava_bucket":7,"stat.useItem.appliedenergistics2.crafting_accelerator":4,"stat.useItem.harvestcraft.fruitsaladitem":2,"stat.useItem.harvestcraft.pumpkinmuffinitem":2,"stat.damageDealt":776,"stat.craftItem.minecraft.bowl":4,"stat.mineBlock.actuallyadditions.block_farmer":1,"stat.useItem.minecraft.crafting_table":2,"stat.craftItem.minecraft.gravel":560,"stat.drop.mysticalagriculture.aluminum_brass_seeds":9,"stat.useItem.harvestcraft.harvestpumpkinitem":4,"stat.useItem.quark.custom_chest":17,"stat.pickup.agricraft.sprinkler":16,"stat.pickup.minecraft.stick":33,"stat.useItem.harvestcraft.boiledeggitem":7,"stat.mineBlock.quark.spruce_pressure_plate":2,"stat.pickup.harvestcraft.cabbageitem":3,"stat.pickup.harvestcraft.cantaloupeitem":1,"stat.mineBlock.botania.altar":6,"stat.pickup.bigreactors.ingotmetals":45,"stat.mineBlock.rustic.liquid_barrel":3,"stat.craftItem.harvestcraft.sushiitem":2,"stat.mineBlock.rustic.chair_oak":6,"stat.pickup.mysticalagriculture.silicon_seeds":10,"stat.craftItem.minecraft.redstone":64,"stat.mineBlock.appliedenergistics2.quartz_growth_accelerator":17,"stat.craftItem.appliedenergistics2.crystal_seed":2,"stat.craftItem.appliedenergistics2.crafting_unit":0,"stat.craftItem.minecraft.tnt":0,"stat.drop.actuallyadditions.block_ranged_collector":1,"stat.mineBlock.minecraft.leaves":6,"stat.useItem.harvestcraft.broccoliitem":1,"stat.mineBlock.tconstruct.seared":36,"stat.mineBlock.astralsorcery.blockstructural":3,"stat.craftItem.harvestcraft.soysauceitem":5,"stat.pickup.astralsorcery.itemwand":1,"stat.craftItem.harvestcraft.surfandturfitem":3,"stat.pickup.mysticalagriculture.copper_essence":574,"stat.pickup.astralsorcery.blockcollectorcrystal":49,"stat.pickup.astralsorcery.itemhandtelescope":3,"stat.leaveGame":16,"stat.pickup.harvestcraft.soybeanitem":4,"stat.pickup.mysticalagriculture.limestone_seeds":2,"stat.craftItem.minecraft.string":8,"stat.craftItem.appliedenergistics2.crafting_storage_1k":1,"stat.mineBlock.appliedenergistics2.security_station":1,"stat.drop.minecraft.feather":5,"stat.pickup.mysticalagriculture.mithril_seeds":2,"stat.craftItem.enderio.item_liquid_conduit":0,"stat.pickup.mysticalagriculture.stone_essence":1068,"stat.useItem.betterbuilderswands.wandunbreakable":116,"stat.craftItem.appliedenergistics2.storage_cell_64k":0,"stat.useItem.astralsorcery.blockcelestialgateway":2,"stat.pickup.mysticalagriculture.sky_stone_seeds":4,"stat.drop.minecraft.sand":2,"stat.mineBlock.openblocks.grave":8,"stat.craftItem.chisel.marble2":864,"stat.drop.minecraft.gold_ingot":8,"stat.mineBlock.actuallyadditions.block_coal_generator":1,"stat.drop.mekanism.transmitter":1,"stat.craftItem.appliedenergistics2.sky_stone_block":272,"stat.pickup.mysticalagriculture.chicken_essence":24,"stat.pickup.mysticalagriculture.starmetal_essence":166,"stat.pickup.mysticalagriculture.mystical_flower_essence":1,"stat.useItem.harvestcraft.peasitem":1,"stat.craftItem.mekanism.configurator":0,"stat.mineBlock.minecraft.hopper":8,"stat.pickup.thermalfoundation.material":9,"stat.pickup.mysticalagriculture.aluminum_seeds":4,"stat.craftItem.openblocks.generic":2,"stat.pickup.appliedenergistics2.quartz_growth_accelerator":17,"stat.pickup.mysticalagriculture.pulsating_iron_essence":1,"stat.pickup.basemetals.starsteel_chestplate":1,"stat.pickup.basemetals.starsteel_boots":1,"stat.pickup.actuallyadditions.block_testifi_bucks_white_wall":16,"stat.craftItem.minecraft.gunpowder":0,"stat.craftItem.harvestcraft.harvestpumpkinitem":4,"stat.pickup.harvestcraft.bakedsweetpotatoitem":1,"stat.drop.agricraft.agri_seed":4,"stat.mineBlock.thermalexpansion.dynamo":1,"stat.drop.mysticalagriculture.water_seeds":3,"stat.pickup.mysticalagriculture.diamond_essence":850,"stat.pickup.tconstruct.smeltery_io":9,"stat.drop.harvestcraft.freshwateritem":1,"stat.pickup.actuallyadditions.block_ranged_collector":4,"stat.pickup.basemetals.starsteel_helmet":1,"stat.useItem.minecraft.dye":39,"stat.useItem.harvestcraft.okraitem":1,"stat.pickup.enderio.item_liquid_conduit":13,"stat.useItem.harvestcraft.gardensoupitem":1,"stat.pickup.chisel.marble2":19,"stat.mineBlock.minecraft.tallgrass":11,"stat.pickup.tconstruct.seared":172,"stat.pickup.mysticalagriculture.zombie_essence":5,"stat.pickup.mekanism.transmitter":40,"stat.useItem.minecraft.stone":4,"stat.craftItem.mekanism.machineblock":0,"stat.craftItem.appliedenergistics2.part":0,"stat.useItem.actuallyadditions.item_food":25,"stat.drop.thermalcultivation.watering_can":1,"stat.pickup.astralsorcery.itemgrapplewand":2,"stat.pickup.mysticalagriculture.aluminum_brass_essence":176,"stat.pickup.actuallyadditions.item_food":19,"stat.mineBlock.minecraft.chest":2,"stat.craftItem.minecraft.hopper":8,"stat.pickup.astralsorcery.blockstarlightinfuser":5,"stat.drop.mysticalagriculture.sky_stone_essence":5,"stat.pickup.mysticalagriculture.creeper_seeds":1,"stat.pickup.mysticalagriculture.redstone_essence":313,"stat.craftItem.basemetals.starsteel_helmet":1,"stat.mineBlock.enderio.block_power_monitor":3,"stat.useItem.harvestcraft.lettuceitem":9,"stat.pickup.minecraft.wheat_seeds":11,"stat.mineBlock.forestry.planks.0":3,"stat.useItem.basemetals.starsteel_pickaxe":1394,"stat.mineBlock.minecraft.glass":80,"stat.drop.appliedenergistics2.wireless_terminal":1,"stat.pickup.actuallyadditions.block_atomic_reconstructor":1,"stat.useItem.harvestcraft.tatertotsitem":1,"stat.mineBlock.minecraft.dirt":328,"stat.craftItem.actuallyadditions.item_drill":0,"stat.craftItem.appliedenergistics2.crafting_storage_64k":4,"stat.pickup.minecraft.poisonous_potato":1,"stat.pickup.appliedenergistics2.crafting_unit":20,"stat.pickup.mysticalagriculture.nether_seeds":3,"stat.pickup.immersiveengineering.seed":2,"stat.drop.actuallyadditions.item_worm":5,"stat.craftItem.harvestcraft.tortillaitem":3,"stat.craftItem.harvestcraft.steamedpeasitem":1,"stat.useItem.minecraft.cobblestone":1,"stat.useItem.minecraft.gravel":84,"stat.useItem.quark.stone_speleothem":5,"stat.useItem.tconstruct.pickaxe":185,"stat.drop.minecraft.carrot":3,"stat.mineBlock.astralsorcery.blockattunementrelay":13,"stat.craftItem.minecraft.gold_ingot":8,"stat.useItem.harvestcraft.sushiitem":1,"stat.pickup.minecraft.hopper":9,"stat.craftItem.chisel.chisel_iron":0,"stat.pickup.minecraft.apple":1,"stat.useItem.minecraft.fireworks":3,"stat.craftItem.basemetals.starsteel_chestplate":1,"stat.useItem.appliedenergistics2.crafting_storage_64k":3,"stat.craftItem.harvestcraft.springsaladitem":3,"stat.pickup.mysticalagriculture.skeleton_seeds":1,"stat.mineBlock.minecraft.log":1612,"stat.craftItem.astralsorcery.itemlinkingtool":1,"stat.craftItem.minecraft.paper":24,"stat.craftItem.thermalexpansion.frame":0,"stat.pickup.astralsorcery.blockblackmarble":419,"stat.craftItem.storagedrawers.basicdrawers":0,"stat.pickup.forestry.sapling":170,"stat.useItem.tconstruct.mattock":1411,"stat.pickup.astralsorcery.itemcelestialcrystal":33,"stat.craftItem.minecraft.wool":6,"stat.drop.enderio.item_basic_item_filter":1,"stat.craftItem.enderio.item_alloy_ingot":0,"stat.mineBlock.appliedenergistics2.crafting_unit":20,"stat.mineBlock.astralsorcery.blockcustomore":31,"stat.pickup.mysticalagriculture.fire_seeds":27,"stat.craftItem.harvestcraft.grapejuiceitem":1,"stat.craftItem.appliedenergistics2.chest":0,"stat.craftItem.minecraft.arrow":32,"stat.pickup.harvestcraft.cactusfruititem":4,"stat.useItem.harvestcraft.tomatoitem":1,"stat.pickup.minecraft.bow":1,"stat.useItem.agricraft.crop_sticks":801,"stat.craftItem.appliedenergistics2.memory_card":0,"stat.mineBlock.enderio.block_tank":2,"stat.craftItem.harvestcraft.bakedsweetpotatoitem":11,"stat.pickup.mysticalagriculture.electrical_steel_essence":21,"stat.pickup.actuallyadditions.block_empowerer":2,"stat.pickup.harvestcraft.bambooshootitem":4,"stat.craftItem.harvestcraft.gardensoupitem":1,"stat.useItem.minecraft.egg":83,"stat.pickup.harvestcraft.broccoliitem":5,"stat.craftItem.minecraft.bow":1,"stat.flyOneCm":2093570,"stat.pickup.enderio.block_power_monitor":3,"stat.pickup.actuallyadditions.item_booklet":1,"stat.useItem.forestry.planks.0":2,"stat.pickup.mysticalagriculture.dirt_essence":1263,"stat.mineBlock.appliedenergistics2.wireless_access_point":4,"stat.timeSinceDeath":1806025,"stat.mineBlock.cookingforblockheads.cutting_board":1,"stat.pickup.mysticalagriculture.spider_essence":11,"stat.useItem.appliedenergistics2.memory_card":1,"stat.craftItem.betterbuilderswands.wandiron":7,"stat.pickup.harvestcraft.beanitem":6,"stat.useItem.minecraft.potato":4,"stat.craftItem.tconstruct.seared":64,"stat.mineBlock.astralsorcery.blockblackmarble":42,"stat.pickup.minecraft.spruce_fence":6,"stat.useItem.harvestcraft.blueberryitem":1,"stat.pickup.mysticalagriculture.rubber_seeds":1,"stat.drop.astralsorcery.itemrockcrystalsimple":27,"stat.pickup.appliedenergistics2.wireless_terminal":2,"stat.pickup.openblocks.hang_glider":2,"stat.pickup.astralsorcery.blockmachine":9,"stat.pickup.basemetals.starsteel_gear":1,"stat.useItem.harvestcraft.eggsaladitem":3,"stat.pickup.mysticalagriculture.glowstone_essence":309,"stat.pickup.mysticalagriculture.lead_essence":96,"stat.craftItem.tconstruct.tooltables":8,"stat.craftItem.minecraft.apple":8,"stat.drop.appliedenergistics2.certus_quartz_wrench":1,"stat.craftItem.harvestcraft.batteritem":1,"stat.useItem.enderio.item_yeta_wrench":4,"stat.craftItem.tconstruct.ingots":42,"stat.useItem.actuallyadditions.item_coffee_beans":1,"stat.drop.harvestcraft.scrambledeggitem":1,"stat.craftItem.appliedenergistics2.crafting_accelerator":0,"stat.craftItem.minecraft.fish":45,"stat.pickup.mekanism.configurator":1,"stat.drop.appliedenergistics2.interface":5,"stat.craftItem.harvestcraft.eggsaladitem":3,"stat.diveOneCm":191952,"stat.pickup.tconstruct.tooltables":13,"stat.drop.mysticalagriculture.limestone_essence":7,"stat.pickup.storagedrawers.basicdrawers":10,"stat.pickup.minecraft.stone_axe":1,"stat.pickup.harvestcraft.potitem":3,"stat.useItem.harvestcraft.tortillaitem":1,"stat.craftItem.thermalexpansion.machine":0,"stat.drop.minecraft.apple":2,"stat.jump":5293,"stat.useItem.minecraft.sand":17,"stat.pickup.mysticalagriculture.grains_of_infinity_seeds":22,"stat.craftItem.enderio.block_power_monitor":0,"stat.craftItem.mekanism.transmitter":0,"stat.useItem.minecraft.glass":81,"stat.craftItem.minecraft.glowstone_dust":128,"stat.useItem.minecraft.sapling":99,"stat.craftItem.agricraft.water_tank":332,"stat.damageTaken":2221,"stat.useItem.harvestcraft.radishitem":1,"stat.mineBlock.minecraft.sapling":22,"stat.craftItem.quark.stone_speleothem":6,"stat.pickup.tconstruct.ingots":84,"stat.pickup.minecraft.potato":106,"stat.pickup.mysticalagriculture.steel_essence":459,"stat.useItem.forge.bucketfilled":178,"stat.useItem.enderio.block_tank":3,"stat.pickup.botania.altar":6,"stat.pickup.harvestcraft.lettuceitem":10,"stat.useItem.harvestcraft.carrotjuiceitem":3,"stat.mineBlock.actuallyadditions.block_empowerer":2,"stat.animalsBred":1,"stat.craftItem.harvestcraft.boiledeggitem":22,"stat.drop.harvestcraft.driedsoupitem":2,"stat.pickup.harvestcraft.celeryitem":7,"stat.useItem.tconstruct.faucet":4,"stat.useItem.harvestcraft.scallionitem":1,"stat.craftItem.bigreactors.blockmetals":0,"stat.pickup.thermalcultivation.watering_can":8,"stat.mineBlock.minecraft.stonebrick":456,"stat.pickup.mysticalagriculture.basalt_essence":10,"stat.useItem.rustic.table_spruce":8,"stat.pickup.harvestcraft.strawberryitem":4,"stat.useItem.harvestcraft.celeryitem":5,"stat.pickup.mysticalagriculture.invar_essence":102,"stat.drop.enderio.item_power_conduit":1,"stat.pickup.betterbuilderswands.wandiron":3,"stat.pickup.minecraft.torch":24,"stat.craftItem.mekanism.controlcircuit":0,"stat.drop.minecraft.quartz_block":32,"stat.drop.minecraft.stone_axe":1,"stat.mineBlock.appliedenergistics2.crafting_storage_64k":7,"stat.pickup.tconstruct.book":4,"stat.pickup.appliedenergistics2.security_station":1,"stat.mineBlock.storagedrawers.basicdrawers":10,"stat.mineBlock.tconstruct.seared_tank":1,"stat.useItem.harvestcraft.seaweeditem":3,"stat.pickup.astralsorcery.itemconstellationpaper":7,"stat.pickup.mysticalagriculture.fire_essence":1731,"stat.useItem.harvestcraft.driedsoupitem":3,"stat.pickup.appliedenergistics2.condenser":1,"stat.pickup.appliedenergistics2.drive":2,"stat.pickup.minecraft.glass":3,"stat.craftItem.astralsorcery.itemwand":1,"stat.useItem.harvestcraft.popcornitem":2,"stat.craftItem.enderio.item_conduit_probe":0,"stat.pickup.rustic.chair_oak":6,"stat.useItem.minecraft.water_bucket":12,"stat.craftItem.astralsorcery.blockcustomore":44,"stat.useItem.harvestcraft.soybeanitem":1,"stat.pickup.minecraft.sand":21,"stat.craftItem.projectred-transportation.pipe":16,"stat.craftItem.mekanism.basicblock":0,"stat.mineBlock.appliedenergistics2.grindstone":1,"stat.drop.appliedenergistics2.part":1,"stat.useItem.minecraft.ender_pearl":1,"stat.pickup.forestry.planks.0":137,"stat.craftItem.actuallyadditions.item_drill_upgrade_speed_ii":0,"stat.craftItem.enderio.block_fused_glass":33,"stat.pickup.mysticalagriculture.water_seeds":32,"stat.pickup.actuallyadditions.item_worm":217,"stat.craftItem.rustic.chandelier":2,"stat.pickup.appliedenergistics2.crystal_seed":435,"stat.pickup.mysticalagriculture.basalt_seeds":2,"stat.useItem.astralsorcery.blockattunementrelay":21,"stat.useItem.harvestcraft.leekitem":1,"stat.drop.mysticalagriculture.marble_seeds":2,"stat.pickup.appliedenergistics2.inscriber":7,"stat.craftItem.basemetals.starsteel_crossbow":0,"stat.pickup.minecraft.furnace":8,"stat.craftItem.minecraft.ender_pearl":8,"stat.useItem.minecraft.redstone":1,"stat.useItem.harvestcraft.bakedsweetpotatoitem":3,"stat.craftItem.harvestcraft.kiwijuiceitem":2,"stat.pickup.mysticalagriculture.dark_steel_essence":74,"stat.useItem.harvestcraft.melonjuiceitem":1,"stat.useItem.rustic.table_oak":2,"stat.drop.minecraft.wooden_hoe":2,"stat.useItem.rustic.chain":29,"stat.craftItem.minecraft.sand":1808,"stat.craftItem.appliedenergistics2.quartz_glass":0,"stat.pickup.mysticalagriculture.sheep_essence":35,"stat.useItem.minecraft.hopper":10,"stat.mineBlock.rustic.iron_lantern":1,"stat.craftItem.harvestcraft.carrotjuiceitem":3,"stat.useItem.harvestcraft.beanitem":1,"stat.craftItem.enderio.block_tank":0,"stat.playOneMinute":3060617,"stat.craftItem.appliedenergistics2.energy_cell":0,"stat.pickup.appliedenergistics2.encoded_pattern":32,"stat.pickup.mysticalagriculture.iron_seeds":10,"stat.pickup.minecraft.iron_bars":42,"stat.pickup.mysticalagriculture.skeleton_essence":28,"stat.pickup.mysticalagriculture.glowstone_seeds":79,"stat.pickup.mysticalagriculture.tin_essence":13,"stat.pickup.rustic.iron_lantern":1,"stat.pickup.harvestcraft.tomatoitem":7,"stat.pickup.mysticalagriculture.graphite_essence":288,"stat.craftItem.appliedenergistics2.material":153,"stat.mineBlock.appliedenergistics2.cable_bus":144,"stat.mineBlock.astralsorcery.blockcelestialgateway":2,"stat.useItem.betterbuilderswands.wandstone":106,"stat.mineBlock.tconstruct.faucet":2,"stat.mineBlock.bigreactors.reactorglass":2,"stat.pickup.tconstruct.lumberaxe":3,"stat.craftItem.appliedenergistics2.grindstone":1,"stat.fallOneCm":1507543,"stat.drop.minecraft.dye":5,"stat.craftItem.appliedenergistics2.certus_quartz_wrench":1,"stat.pickup.mysticalagriculture.fluix_seeds":6,"stat.pickup.harvestcraft.cuttingboarditem":1,"stat.pickup.mysticalagriculture.sky_stone_essence":161,"stat.craftItem.minecraft.chest":1,"stat.pickup.mysticalagriculture.nature_seeds":3,"stat.mineBlock.minecraft.lever":9,"stat.craftItem.astralsorcery.blockblackmarble":40,"stat.useItem.harvestcraft.cactusfruitjuiceitem":1,"stat.craftItem.harvestcraft.freshwateritem":3,"stat.pickup.minecraft.feather":106,"stat.pickup.harvestcraft.stockitem":8,"stat.pickup.actuallyadditions.block_farmer":1,"stat.craftItem.wct.wct":0,"stat.mineBlock.minecraft.spruce_fence":6,"stat.pickup.mysticalagriculture.aquamarine_essence":351,"stat.craftItem.ic2.crop_stick":2,"stat.craftItem.tconstruct.seared_tank":1,"stat.pickup.mysticalagriculture.wither_skeleton_essence":1,"stat.pickup.mysticalagriculture.gold_seeds":8,"stat.craftItem.harvestcraft.stockitem":39,"stat.pickup.enderio.item_basic_item_filter":8,"stat.mineBlock.astralsorcery.blockattunementaltar":3,"stat.craftItem.actuallyadditions.item_battery_double":0,"stat.pickup.minecraft.log":1621,"stat.pickup.mekanism.machineblock":7,"stat.mineBlock.astralsorcery.blockcollectorcrystal":39,"stat.useItem.appliedenergistics2.encoded_pattern":7,"stat.pickup.mysticalagriculture.dye_essence":42,"stat.craftItem.tconstruct.smeltery_controller":1,"stat.craftItem.harvestcraft.scrambledeggitem":4,"stat.useItem.harvestcraft.cantaloupeitem":1,"stat.craftItem.appliedenergistics2.security_station":0,"stat.craftItem.harvestcraft.driedsoupitem":5,"stat.craftItem.thermaldynamics.duct_0":0,"stat.drop.mekanism.configurator":1,"stat.drop.tconstruct.edible":2,"stat.craftItem.appliedenergistics2.interface":1,"stat.useItem.storagedrawers.trim":7,"stat.mineBlock.forestry.sapling_ge":36,"stat.sneakTime":70568,"stat.craftItem.appliedenergistics2.controller":0,"stat.useItem.minecraft.beetroot":13,"stat.pickup.minecraft.chest":2,"stat.useItem.appliedenergistics2.controller":13,"stat.mineBlock.astralsorcery.blockcelestialcollectorcrystal":10,"stat.useItem.agricraft.water_tank":257,"stat.useItem.harvestcraft.friesitem":1,"stat.craftItem.tconstruct.faucet":3,"stat.craftItem.minecraft.stone_brick_stairs":120,"stat.useItem.harvestcraft.ricecakeitem":1,"stat.useItem.harvestcraft.cactusfruititem":1,"stat.swimOneCm":21956,"stat.pickup.quark.glass_shards":243,"stat.pickup.astralsorcery.itemperkseal":1,"stat.pickup.mysticalagriculture.certus_quartz_essence":422,"stat.useItem.harvestcraft.strawberryitem":1,"stat.useItem.minecraft.dirt":175,"stat.pickup.appliedenergistics2.dense_energy_cell":3,"stat.useItem.harvestcraft.springsaladitem":3,"stat.useItem.harvestcraft.barleyitem":2,"stat.useItem.projectred-transportation.pipe":2,"stat.craftItem.basemetals.starsteel_sword":1,"stat.craftItem.bigreactors.reactorredstoneport":0,"stat.pickup.minecraft.glass_bottle":9,"stat.pickup.appliedenergistics2.material":533,"stat.craftItem.harvestcraft.cactusfruitjuiceitem":1,"stat.drop.minecraft.wheat_seeds":4,"stat.useItem.rustic.chair_oak":8,"stat.pickup.mysticalagriculture.aluminum_essence":1,"stat.pickup.harvestcraft.leekitem":2,"stat.pickup.enderio.item_ender_food":1,"stat.mineBlock.astralsorcery.blockaltar":7,"stat.craftItem.actuallyadditions.item_food":16,"stat.craftItem.minecraft.sapling":8,"stat.craftItem.astralsorcery.blockmarble":568,"stat.pickup.mysticalagriculture.pulsating_iron_seeds":4,"stat.pickup.actuallyadditions.block_testifi_bucks_green_wall":16,"stat.useItem.minecraft.lever":7,"stat.craftItem.harvestcraft.ricecakeitem":1,"stat.drop.agricraft.sprinkler":3,"stat.pickup.minecraft.stonebrick":820,"stat.drop.minecraft.mycelium":1,"stat.craftItem.appliedenergistics2.biometric_card":0,"stat.pickup.mysticalagriculture.cow_essence":27,"stat.useItem.appliedenergistics2.quartz_growth_accelerator":11,"stat.pickup.enderio.block_alloy_smelter":2,"stat.craftItem.thermalexpansion.tank":1,"stat.pickup.mysticalagriculture.marble_seeds":97,"stat.craftItem.minecraft.reeds":16,"stat.useItem.astralsorcery.blockmarble":585,"stat.craftItem.mekanism.energytablet":0,"stat.craftItem.minecraft.stone_slab2":2,"stat.pickup.mysticalagriculture.water_essence":949,"stat.pickup.mysticalagriculture.stone_seeds":27,"stat.pickup.mysticalagriculture.rock_crystal_seeds":81,"stat.drop.rustic.tomato_seeds":2,"stat.pickup.actuallyadditions.item_misc":128,"stat.craftItem.agricraft.sprinkler":14,"stat.craftItem.minecraft.stone":2368,"stat.useItem.tconstruct.casting":2,"stat.mineBlock.minecraft.crafting_table":6,"stat.useItem.minecraft.carrot":11,"stat.mineBlock.enderio.block_simple_alloy_smelter":1,"stat.useItem.minecraft.wheat":15,"stat.craftItem.harvestcraft.potitem":1,"stat.mineBlock.astralsorcery.blockcelestialcrystals":14,"stat.craftItem.minecraft.clay":64,"stat.pickup.minecraft.gravel":81,"stat.useItem.minecraft.glass_bottle":5,"stat.mineBlock.tconstruct.smeltery_controller":1,"stat.useItem.harvestcraft.scrambledeggitem":2,"stat.mineBlock.appliedenergistics2.drive":1,"stat.craftItem.betterbuilderswands.wandstone":1,"stat.useItem.harvestcraft.grapejuiceitem":1,"stat.pickup.mysticalagriculture.redstone_seeds":3,"stat.pickup.minecraft.stone_brick_stairs":30,"stat.pickup.astralsorcery.itemrockcrystalsimple":100,"stat.pickup.minecraft.brick":32,"stat.useItem.storagedrawers.basicdrawers":3,"stat.useItem.minecraft.wooden_hoe":7,"stat.craftItem.rustic.table_spruce":8,"stat.craftItem.minecraft.poisonous_potato":3,"stat.pickup.enderio.item_power_conduit":4,"stat.pickup.mysticalagriculture.nether_essence":6,"stat.mineBlock.astralsorcery.blockstarlightinfuser":4,"stat.useItem.minecraft.mycelium":1,"stat.useItem.harvestcraft.surfandturfitem":2,"stat.useItem.rustic.chandelier":3,"stat.pickup.mysticalagriculture.limestone_essence":11,"stat.pickup.mysticalagriculture.saltpeter_seeds":1,"stat.pickup.quark.custom_chest":17,"stat.pickup.mysticalagriculture.invar_seeds":1,"stat.useItem.astralsorcery.blockcustomore":25,"stat.mineBlock.minecraft.mycelium":6,"stat.dispenserInspected":34,"stat.pickup.minecraft.reeds":18,"stat.drop.mysticalagriculture.lead_seeds":1,"stat.pickup.tconstruct.materials":640,"stat.craftItem.storagedrawers.controller":0,"stat.craftItem.minecraft.glass":90,"stat.mineBlock.chisel.auto_chisel":1,"stat.craftItem.minecraft.baked_potato":2,"stat.walkOneCm":9011232,"stat.playerKills":3,"stat.mineBlock.ic2.te":1,"stat.craftItem.quark.custom_chest":20,"stat.drop.appliedenergistics2.material":8,"stat.pickup.minecraft.clay_ball":264,"stat.useItem.appliedenergistics2.network_tool":7,"stat.mineBlock.enderio.block_fused_glass":2,"stat.pickup.betterbuilderswands.wandunbreakable":1,"stat.mineBlock.appliedenergistics2.controller":17,"stat.pickup.minecraft.stone":1412,"stat.mineBlock.rustic.chandelier":4,"stat.pickup.minecraft.gold_ingot":4,"stat.useItem.betterbuilderswands.wandiron":264,"stat.useItem.harvestcraft.strawberryjuiceitem":1,"stat.pickup.astralsorcery.itemcraftingcomponent":102,"stat.craftItem.minecraft.spruce_fence":45,"stat.craftItem.forestry.slabs.0":18,"stat.craftItem.agricraft.water_channel_valve":12,"stat.useItem.harvestcraft.ryeitem":1,"stat.pickup.minecraft.water_bucket":6,"stat.pickup.mysticalagriculture.energetic_alloy_seeds":27,"stat.useItem.appliedenergistics2.part":155,"stat.mineBlock.tconstruct.casting":2,"stat.craftItem.minecraft.coal_block":42,"stat.useItem.appliedenergistics2.interface":99,"stat.craftItem.minecraft.brick":18,"stat.mineBlock.minecraft.stone":4}