{"stat.useItem.botania.bifrostperm":3,"stat.mineBlock.draconicevolution.rain_sensor":1,"stat.pickup.mekanism.machineblock2":12,"stat.pickup.mekanism.machineblock3":15,"stat.pickup.mysticalagriculture.sulfur_essence":2,"stat.craftItem.mekanism.gaugedropper":0,"stat.drop.minecraft.coal_block":48,"stat.pickup.mysticalagriculture.peridot_essence":2,"stat.pickup.botania.terrasteellegs":5,"stat.pickup.minecraft.rotten_flesh":1,"stat.drop.botania.storage":14,"stat.pickup.mysticalagriculture.dirt_seeds":65,"stat.useItem.botania.flower":9,"stat.drop.thermalfoundation.storage_alloy":8,"stat.pickup.mysticalagriculture.manasteel_seeds":3,"stat.craftItem.harvestcraft.grainbaititem":0,"stat.pickup.minecraft.double_plant":61,"stat.craftItem.minecraft.glass_pane":0,"stat.mineBlock.forestry.logs.0":174,"stat.pickup.mysticalagriculture.lapis_lazuli_essence":262,"stat.pickup.actuallyadditions.block_coal_generator":1,"stat.pickup.mysticalagriculture.star_steel_seeds":1,"stat.furnaceInteraction":117,"stat.pickup.mekanism.walkietalkie":5,"stat.craftItem.harvestcraft.strawberryjuiceitem":2,"stat.drop.minecraft.cactus":2,"stat.craftItem.actuallyadditions.item_battery":0,"stat.pickup.appliedenergistics2.vibration_chamber":1,"stat.drop.minecraft.furnace":1,"stat.craftItem.botania.pool":2,"stat.craftItem.minecraft.daylight_detector":0,"stat.useItem.minecraft.flint_and_steel":1,"stat.pickup.mysticalagriculture.copper_seeds":33,"stat.pickup.harvestcraft.rhubarbseeditem":1,"stat.craftItem.draconicevolution.draconium_block":0,"stat.pickup.minecraft.emerald":1,"stat.drop.mysticalagriculture.sky_stone_seeds":1,"stat.pickup.minecraft.egg":835,"stat.pickup.thermalexpansion.tank":3,"stat.pickup.basemetals.starsteel_leggings":2,"stat.useItem.harvestcraft.grapejellyitem":1,"stat.pickup.minecraft.glass_pane":3,"stat.pickup.mekanism.energycube":3,"stat.pickup.tconstruct.mattock":13,"stat.drop.minecraft.iron_ingot":140,"stat.chestOpened":25,"stat.mineBlock.chisel.bricks":4,"stat.craftItem.appliedenergistics2.network_tool":0,"stat.pickup.harvestcraft.juteseeditem":1,"stat.craftItem.minecraft.coal":1080,"stat.pickup.mysticalagriculture.mithril_essence":1,"stat.pickup.mysticalagriculture.enderman_essence":21,"stat.useItem.harvestcraft.candleberryitem":1,"stat.pickup.minecraft.carrot":35,"stat.craftItem.botania.flower":192,"stat.drop.astralsorcery.itemcelestialcrystal":18,"stat.craftItem.minecraft.diamond":14,"stat.pickup.mysticalagriculture.coal_essence":1056,"stat.pickup.mysticalagriculture.emerald_essence":302,"stat.mineBlock.appliedenergistics2.inscriber":9,"stat.craftItem.tconstruct.pattern":54,"stat.drop.minecraft.double_plant":3,"stat.craftItem.rustic.chain":12,"stat.pickup.mysticalagriculture.conductive_iron_seeds":20,"stat.craftItem.harvestcraft.popcornitem":4,"stat.pickup.minecraft.dye":22,"stat.pickup.minecraft.planks":2,"stat.pickup.mysticalagriculture.grains_of_infinity_essence":430,"stat.pickup.botania.terrasteelboots":5,"stat.pickup.mysticalagriculture.sheep_seeds":2,"stat.pickup.enderio.item_material":3,"stat.useItem.harvestcraft.rutabagaitem":1,"stat.craftItem.draconicevolution.crystal_binder":0,"stat.pickup.bigreactors.reactorpowertaprf":2,"stat.pickup.actuallyadditions.block_display_stand":5,"stat.craftItem.enderio.item_alloy_nugget":0,"stat.mineBlock.minecraft.daylight_detector":1,"stat.pickup.mysticalagriculture.bronze_seeds":28,"stat.drop.harvestcraft.tatertotsitem":1,"stat.craftItem.harvestcraft.marshmellowsitem":22,"stat.drop.minecraft.rotten_flesh":1,"stat.pickup.openblocks.tank":7,"stat.pickup.appliedenergistics2.energy_acceptor":1,"stat.pickup.harvestcraft.peasitem":6,"stat.useItem.agricraft.water_channel_valve":5,"stat.useItem.harvestcraft.sweetpotatoitem":1,"stat.pickup.mysticalagriculture.star_steel_essence":195,"stat.pickup.mysticalagriculture.zombie_seeds":3,"stat.craftItem.harvestcraft.grapejellyitem":1,"stat.mineBlock.appliedenergistics2.crafting_storage_4k":4,"stat.pickup.mysticalagriculture.manasteel_essence":8,"stat.useItem.chisel.bricks":2,"stat.craftItem.appliedenergistics2.inscriber":0,"stat.mineBlock.actuallyadditions.block_atomic_reconstructor":1,"stat.craftItem.minecraft.planks":296,"stat.craftItem.minecraft.dirt":168,"stat.useItem.harvestcraft.gingersodaitem":1,"stat.pickup.mysticalagriculture.glowstone_ingot_essence":30,"stat.pickup.appliedenergistics2.part":613,"stat.craftItem.minecraft.cobblestone":160,"stat.useItem.agricraft.water_channel_full":4,"stat.mineBlock.minecraft.cobblestone":5,"stat.drop.harvestcraft.popcornitem":1,"stat.pickup.minecraft.flint":5,"stat.craftItem.simplyjetpacks.metaitemmods":0,"stat.craftItem.ae2stuff.inscriber":0,"stat.drop.harvestcraft.strawberryjuiceitem":1,"stat.craftItem.actuallyadditions.item_crystal_empowered":0,"stat.drop.harvestcraft.sushiitem":1,"stat.drop.mysticalagriculture.iron_seeds":2,"stat.craftItem.harvestcraft.gingersodaitem":2,"stat.useItem.minecraft.coal_block":1,"stat.pickup.astralsorcery.blockattunementrelay":30,"stat.pickup.forge.bucketfilled":1,"stat.craftItem.harvestcraft.fruitsaladitem":2,"stat.pickup.mysticalagriculture.blitz_essence":4,"stat.craftItem.minecraft.lapis_block":1,"stat.useItem.harvestcraft.grapeitem":5,"stat.craftItem.enderio.block_dark_iron_bars":0,"stat.drop.mysticalagriculture.nature_essence":7,"stat.mineBlock.appliedenergistics2.crafting_storage_1k":2,"stat.craftItem.bigreactors.ingotmetals":0,"stat.craftItem.basemetals.starsteel_ingot":72,"stat.pickup.appliedenergistics2.storage_cell_64k":5,"stat.useItem.harvestcraft.caramelitem":1,"stat.useItem.minecraft.melon_block":5,"stat.pickup.rustic.liquid_barrel":3,"stat.craftItem.minecraft.iron_block":11,"stat.pickup.thermalexpansion.dynamo":1,"stat.craftItem.minecraft.stonebrick":3642,"stat.pickup.actuallyadditions.block_crystal":98,"stat.pickup.astralsorcery.blockcelestialgateway":4,"stat.ae2.ItemsInserted":51578,"stat.useItem.actuallyadditions.item_drill":5,"stat.drop.mysticalagriculture.aquamarine_seeds":4,"stat.useItem.astralsorcery.itemusabledust":11,"stat.craftItem.openblocks.tank":0,"stat.sprintOneCm":7734473,"stat.pickup.botania.brewflask":14,"stat.drop.agricraft.magnifying_glass":1,"stat.useItem.harvestcraft.friedeggitem":21,"stat.craftItem.harvestcraft.ketchupitem":3,"stat.craftItem.storagedrawers.trim":0,"stat.craftItem.enderio.item_yeta_wrench":0,"stat.pickup.harvestcraft.gingerseeditem":1,"stat.pickup.minecraft.iron_block":21,"stat.killEntity.Zombie":1,"stat.craftItem.storagedrawers.compdrawers":0,"stat.craftItem.minecraft.slime_ball":0,"stat.craftItem.actuallyadditions.block_giant_chest_medium":0,"stat.pickup.mysticalagriculture.lead_seeds":2,"stat.pickup.mysticalagriculture.gold_essence":210,"stat.pickup.minecraft.obsidian":1,"stat.pickup.harvestcraft.ryeitem":5,"stat.craftItem.harvestcraft.bamboosteamedriceitem":1,"stat.mineBlock.appliedenergistics2.energy_acceptor":1,"stat.pickup.minecraft.coal":619,"stat.drop.harvestcraft.raisincookiesitem":1,"stat.pickup.tconstruct.seared_tank":1,"stat.craftItem.appliedenergistics2.certus_quartz_cutting_knife":0,"stat.pickup.minecraft.dirt":1259,"stat.drop.botania.manaring":6,"stat.useItem.astralsorcery.blockblackmarble":182,"stat.pickup.harvestcraft.scrambledeggitem":1,"stat.pickup.harvestcraft.quinoaseeditem":1,"stat.craftItem.astralsorcery.itemcraftingcomponent":281,"stat.pickup.minecraft.ender_eye":16,"stat.craftItem.minecraft.comparator":0,"stat.pickup.appliedenergistics2.biometric_card":2,"stat.pickup.draconicevolution.wyvern_helm":1,"stat.mineBlock.bigreactors.turbinefluidport":1,"stat.pickup.harvestcraft.gingersodaitem":1,"stat.drop.agricraft.crop_sticks":5,"stat.craftItem.draconicevolution.rain_sensor":0,"stat.craftItem.tconstruct.smeltery_io":1,"stat.mineBlock.appliedenergistics2.molecular_assembler":93,"stat.drop.minecraft.wheat":4,"stat.drop.tconstruct.materials":1,"stat.pickup.questbook.itemquestbook":1,"stat.drop.enderio.item_yeta_wrench":2,"stat.useItem.harvestcraft.mochiitem":1,"stat.pickup.botania.invisibilitycloak":1,"stat.mineBlock.quark.gunpowder_block":1,"stat.drop.basemetals.starsteel_crossbow":1,"stat.craftItem.agricraft.water_channel_normal":72,"stat.pickup.mysticalagriculture.silicon_essence":732,"stat.pickup.mysticalagriculture.guardian_seeds":1,"stat.drop.botania.lexicon":3,"stat.pickup.minecraft.beetroot_seeds":2,"stat.mineBlock.botania_tweaks.compressed_tiny_potato_1":7,"stat.pickup.bigreactors.turbinefluidport":1,"stat.mineBlock.botania_tweaks.compressed_tiny_potato_2":1,"stat.mineBlock.botania_tweaks.compressed_tiny_potato_3":1,"stat.pickup.astralsorcery.blockmarble":690,"stat.craftItem.actuallyadditions.block_display_stand":0,"stat.useItem.harvestcraft.raisinsitem":1,"stat.pickup.tconstruct.shuriken":1,"stat.drop.harvestcraft.potitem":1,"stat.drop.agricraft.water_channel_normal":7,"stat.craftItem.actuallyadditions.block_atomic_reconstructor":1,"stat.drop.harvestcraft.stockitem":24,"stat.drop.minecraft.poisonous_potato":3,"stat.useItem.appliedenergistics2.molecular_assembler":124,"stat.useItem.harvestcraft.kiwijuiceitem":1,"stat.craftItem.actuallyadditions.block_misc":2,"stat.craftItem.tconstruct.casting":3,"stat.pickup.minecraft.wooden_hoe":6,"stat.pickup.astralsorcery.blockattunementaltar":4,"stat.mineBlock.minecraft.sand":19,"stat.useItem.harvestcraft.stockitem":22,"stat.mineBlock.bigreactors.reactorpowertaprf":1,"stat.pickup.astralsorcery.itemjournal":4,"stat.craftItem.enderio.item_material":99,"stat.pickup.minecraft.wooden_button":2,"stat.mineBlock.minecraft.lapis_block":1,"stat.craftItem.harvestcraft.ramenitem":2,"stat.mineBlock.enderio.block_alloy_smelter":2,"stat.pickup.botania.spark":1,"stat.craftItem.minecraft.tallgrass":0,"stat.drop.wct.wct":1,"stat.pickup.harvestcraft.grainbaititem":4,"stat.useItem.harvestcraft.blueberryjuiceitem":1,"stat.pickup.minecraft.mycelium":47,"stat.pickup.draconicevolution.fusion_crafting_core":2,"stat.craftItem.minecraft.diamond_block":0,"stat.pickup.betterquesting.guide_book":1,"stat.mineBlock.rustic.table_spruce":2,"stat.pickup.appliedenergistics2.grindstone":1,"stat.craftItem.appliedenergistics2.nether_quartz_wrench":0,"stat.craftItem.openblocks.auto_anvil":0,"stat.pickup.mysticalagradditions.dragon_egg_essence":30,"stat.craftItem.minecraft.flint":43,"stat.craftItem.minecraft.prismarine_shard":0,"stat.mineBlock.minecraft.gold_block":45,"stat.craftItem.actuallyadditions.block_coal_generator":1,"stat.drop.minecraft.stone":7,"stat.pickup.harvestcraft.candleberryitem":7,"stat.pickup.minecraft.melon_seeds":6,"stat.craftItem.appliedenergistics2.dense_energy_cell":0,"stat.pickup.minecraft.melon":64,"stat.pickup.mysticalagriculture.terrasteel_essence":16,"stat.drop.mysticalagriculture.glowstone_seeds":15,"stat.useItem.minecraft.furnace":10,"stat.pickup.agricraft.water_tank":243,"stat.pickup.betterbuilderswands.wandstone":1,"stat.pickup.mysticalagriculture.emerald_seeds":5,"stat.mineBlock.bigreactors.reactorredstoneport":1,"stat.drop.betterquesting.guide_book":2,"stat.pickup.mysticalagriculture.ender_biotite_essence":7,"stat.pickup.basemetals.starsteel_pickaxe":2,"stat.craftItem.openblocks.hang_glider":1,"stat.mineBlock.minecraft.gravel":86,"stat.drop.harvestcraft.harvestpumpkinitem":1,"stat.pickup.mysticalagriculture.peridot_seeds":1,"stat.craftItem.minecraft.redstone_block":0,"stat.pickup.minecraft.crafting_table":6,"stat.pickup.harvestcraft.chilipepperseeditem":2,"stat.craftItem.harvestcraft.melonjuiceitem":1,"stat.pickup.astralsorcery.blockaltar":7,"stat.craftItem.minecraft.stone_button":1,"stat.craftItem.enderio.item_basic_item_filter":5,"stat.useItem.botania_tweaks.compressed_tiny_potato_1":4,"stat.useItem.botania_tweaks.compressed_tiny_potato_2":1,"stat.drop.harvestcraft.tortillaitem":1,"stat.pickup.mysticalagriculture.ender_biotite_seeds":1,"stat.useItem.harvestcraft.kiwiitem":1,"stat.drop.harvestcraft.kiwijuiceitem":1,"stat.useItem.appliedenergistics2.nether_quartz_wrench":112,"stat.pickup.harvestcraft.boiledeggitem":403,"stat.pickup.mysticalagradditions.awakened_draconium_essence":413,"stat.useItem.appliedenergistics2.certus_quartz_wrench":69,"stat.pickup.mysticalagriculture.coal_seeds":2,"stat.craftItem.harvestcraft.ricesoupitem":2,"stat.pickup.projectred-transportation.pipe":2,"stat.craftItem.minecraft.sugar":1,"stat.mineBlock.multistorage.ender_chest":1,"stat.drop.minecraft.bucket":2,"stat.craftItem.botania.twigwand":2,"stat.useItem.minecraft.baked_potato":18,"stat.pickup.draconicevolution.rain_sensor":1,"stat.drop.rustic.iron_lantern":1,"stat.craftItem.minecraft.sticky_piston":0,"stat.craftItem.storagedrawers.drawer_key":0,"stat.pickup.mysticalagriculture.nether_quartz_seeds":1,"stat.climbOneCm":2962,"stat.pickup.agricraft.water_channel_full":1,"stat.craftItem.minecraft.gold_block":0,"stat.craftItem.appliedenergistics2.crank":1,"stat.mineBlock.mekanism.energycube":4,"stat.pickup.thermalexpansion.machine":1,"stat.drop.harvestcraft.cuttingboarditem":1,"stat.craftItem.basemetals.starsteel_pickaxe":1,"stat.pickup.harvestcraft.okraitem":4,"stat.pickup.actuallyadditions.item_drill":7,"stat.useItem.tconstruct.lumberaxe":1635,"stat.useItem.harvestcraft.bambooshootitem":1,"stat.pickup.minecraft.daylight_detector":2,"stat.craftItem.harvestcraft.veggiestripsitem":2,"stat.pickup.mysticalagriculture.apatite_essence":5,"stat.craftItem.minecraft.quartz":0,"stat.pickup.rustic.table_spruce":2,"stat.pickup.minecraft.cobblestone":140,"stat.mineBlock.bigreactors.blockmetals":1,"stat.craftItem.basemetals.starsteel_leggings":1,"stat.mineBlock.quark.custom_chest":25,"stat.useItem.mekanism.transmitter":488,"stat.pickup.harvestcraft.caramelitem":1,"stat.drop.minecraft.coal":3,"stat.pickup.harvestcraft.asparagusseeditem":1,"stat.useItem.harvestcraft.cornitem":1,"stat.pickup.mysticalagriculture.tin_seeds":1,"stat.drop.minecraft.dirt":2,"stat.craftItem.enderio.block_alloy_smelter":0,"stat.drop.mysticalagriculture.knightslime_essence":4,"stat.pickup.agricraft.water_channel_valve":11,"stat.drop.mysticalagriculture.glowstone_ingot_essence":7,"stat.drop.harvestcraft.bakedsweetpotatoitem":1,"stat.pickup.tconstruct.smeltery_controller":2,"stat.drop.harvestcraft.cookiesandmilkitem":1,"stat.pickup.botania.petal":104,"stat.drop.botania.terrasword":6,"stat.craftItem.minecraft.milk_bucket":0,"stat.useItem.botania.lexicon":3,"stat.drop.harvestcraft.tomatosoupitem":1,"stat.pickup.agricraft.agri_seed":116,"stat.craftItem.botania.vial":0,"stat.craftItem.actuallyadditions.item_drill_upgrade_speed":0,"stat.pickup.mysticalagriculture.steel_seeds":2,"stat.mineBlock.harvestcraft.groundtrap":1,"stat.drop.harvestcraft.boiledeggitem":2,"stat.mineBlock.actuallyadditions.block_ranged_collector":4,"stat.mineBlock.minecraft.planks":1,"stat.pickup.draconicevolution.draconic_core":1,"stat.drop.harvestcraft.friedeggitem":3,"stat.useItem.tconstruct.seared":56,"stat.pickup.mysticalagriculture.slime_essence":39,"stat.drop.minecraft.bread":1,"stat.craftItem.harvestcraft.tatertotsitem":3,"stat.pickup.enderio.item_yeta_wrench":8,"stat.pickup.mekanism.basicblock":113,"stat.craftItem.mekanism.basicblock2":0,"stat.pickup.mysticalagriculture.black_quartz_seeds":23,"stat.craftItem.minecraft.piston":2,"stat.craftItem.harvestcraft.mayoitem":8,"stat.useItem.minecraft.apple":5,"stat.pickup.mekanism.dictionary":1,"stat.craftItem.actuallyadditions.item_disenchanting_lens":0,"stat.useItem.minecraft.stone_axe":7,"stat.pickup.wct.wct":8,"stat.useItem.harvestcraft.strawberryjellyitem":1,"stat.craftItem.agricraft.water_channel_full":4,"stat.craftItem.actuallyadditions.block_empowerer":0,"stat.pickup.mysticalagriculture.dark_steel_seeds":38,"stat.pickup.astralsorcery.itemusabledust":122,"stat.boatOneCm":70755,"stat.pickup.actuallyadditions.item_coffee_seed":1,"stat.pickup.rustic.tomato_seeds":2,"stat.mineBlock.tconstruct.tooltables":14,"stat.mineBlock.minecraft.furnace":8,"stat.useItem.enderio.item_liquid_conduit":18,"stat.drop.minecraft.water_bucket":3,"stat.pickup.botania.sparkupgrade":13,"stat.useItem.appliedenergistics2.crafting_accelerator":10,"stat.useItem.harvestcraft.fruitsaladitem":2,"stat.pickup.draconicevolution.celestial_manipulator":2,"stat.useItem.harvestcraft.pumpkinmuffinitem":2,"stat.craftItem.harvestcraft.doughitem":7,"stat.damageDealt":3574,"stat.craftItem.minecraft.anvil":0,"stat.useItem.minecraft.crafting_table":2,"stat.craftItem.minecraft.gravel":560,"stat.drop.mysticalagriculture.aluminum_brass_seeds":9,"stat.drop.harvestcraft.veggiestripsitem":1,"stat.useItem.harvestcraft.harvestpumpkinitem":7,"stat.useItem.quark.custom_chest":17,"stat.pickup.agricraft.sprinkler":20,"stat.pickup.bigreactors.blockmetals":1,"stat.pickup.harvestcraft.cabbageitem":8,"stat.mineBlock.botania.altar":6,"stat.craftItem.minecraft.diamond_boots":0,"stat.drop.mysticalagriculture.manasteel_essence":2,"stat.craftItem.minecraft.redstone":64,"stat.mineBlock.appliedenergistics2.quartz_growth_accelerator":17,"stat.craftItem.mysticalagriculture.xp_droplet":0,"stat.craftItem.appliedenergistics2.crafting_unit":0,"stat.craftItem.mekanism.machineblock2":0,"stat.craftItem.mekanism.machineblock3":0,"stat.mineBlock.enderio.block_reservoir":32,"stat.drop.actuallyadditions.block_ranged_collector":1,"stat.mineBlock.minecraft.leaves":6,"stat.useItem.harvestcraft.broccoliitem":1,"stat.mineBlock.minecraft.piston":1,"stat.useItem.harvestcraft.candiedgingeritem":2,"stat.craftItem.enderio.block_cap_bank":0,"stat.pickup.astralsorcery.itemwand":6,"stat.beaconInteraction":15,"stat.craftItem.harvestcraft.surfandturfitem":3,"stat.pickup.harvestcraft.blueberryseeditem":1,"stat.pickup.astralsorcery.blockcollectorcrystal":49,"stat.pickup.astralsorcery.itemhandtelescope":3,"stat.leaveGame":32,"stat.pickup.harvestcraft.soybeanitem":9,"stat.craftItem.minecraft.string":8,"stat.pickup.botania.terrasword":14,"stat.pickup.botania.manasteelhelm":1,"stat.mineBlock.appliedenergistics2.security_station":1,"stat.pickup.mysticalagriculture.experience_essence":465,"stat.pickup.mysticalagriculture.stone_essence":1068,"stat.useItem.betterbuilderswands.wandunbreakable":390,"stat.pickup.mekanism.freerunners":2,"stat.craftItem.mekanism.freerunners":0,"stat.useItem.astralsorcery.blockcelestialgateway":2,"stat.mineBlock.openblocks.grave":15,"stat.craftItem.chisel.marble2":864,"stat.drop.mekanism.transmitter":8,"stat.pickup.mysticalagriculture.chicken_essence":24,"stat.pickup.mysticalagriculture.starmetal_essence":166,"stat.pickup.mysticalagriculture.mystical_flower_essence":420,"stat.craftItem.minecraft.iron_door":0,"stat.craftItem.draconicevolution.potentiometer":0,"stat.useItem.harvestcraft.peasitem":1,"stat.mineBlock.minecraft.hopper":9,"stat.pickup.mysticalagriculture.aluminum_seeds":4,"stat.craftItem.mysticalagradditions.stuff":0,"stat.craftItem.openblocks.generic":2,"stat.pickup.appliedenergistics2.quartz_growth_accelerator":17,"stat.drop.minecraft.red_flower":27,"stat.pickup.mysticalagriculture.pulsating_iron_essence":1993,"stat.pickup.basemetals.starsteel_chestplate":2,"stat.pickup.botania.manasteelboots":1,"stat.pickup.botania.livingwood":5,"stat.useItem.harvestcraft.eggplantitem":1,"stat.useItem.harvestcraft.sesameseedsitem":1,"stat.pickup.harvestcraft.bakedsweetpotatoitem":1,"stat.drop.agricraft.agri_seed":7,"stat.drop.mysticalagriculture.water_seeds":3,"stat.craftItem.botania.terrasteellegs":1,"stat.mineBlock.rustic.chair_spruce":1,"stat.pickup.actuallyadditions.block_ranged_collector":4,"stat.useItem.harvestcraft.okraitem":1,"stat.pickup.enderio.item_liquid_conduit":14,"stat.pickup.chisel.marble2":19,"stat.useItem.minecraft.stone":12,"stat.pickup.minecraft.arrow":18,"stat.craftItem.appliedenergistics2.part":4,"stat.drop.actuallyadditions.block_giant_chest_medium":1,"stat.drop.mysticalagriculture.lapis_lazuli_seeds":1,"stat.pickup.mysticalagriculture.aluminum_brass_essence":176,"stat.pickup.actuallyadditions.item_food":22,"stat.mineBlock.mekanism.basicblock":107,"stat.pickup.astralsorcery.blockstarlightinfuser":9,"stat.pickup.mysticalagriculture.creeper_seeds":1,"stat.mineBlock.enderio.block_power_monitor":7,"stat.useItem.harvestcraft.lettuceitem":9,"stat.mineBlock.forestry.planks.0":3,"stat.useItem.harvestcraft.tatertotsitem":2,"stat.mineBlock.minecraft.dirt":642,"stat.craftItem.appliedenergistics2.crafting_storage_64k":4,"stat.pickup.appliedenergistics2.crafting_unit":20,"stat.pickup.mysticalagriculture.nether_seeds":40,"stat.pickup.immersiveengineering.seed":87,"stat.useItem.minecraft.bread":1,"stat.drop.actuallyadditions.item_worm":5,"stat.craftItem.harvestcraft.tortillaitem":8,"stat.craftItem.harvestcraft.steamedpeasitem":1,"stat.useItem.minecraft.gravel":84,"stat.drop.harvestcraft.ricesoupitem":1,"stat.craftItem.appliedenergistics2.drive":0,"stat.craftItem.minecraft.gold_ingot":8,"stat.useItem.harvestcraft.sushiitem":1,"stat.useItem.harvestcraft.cabbageitem":1,"stat.craftItem.chisel.chisel_iron":0,"stat.craftItem.minecraft.brewing_stand":0,"stat.useItem.minecraft.fireworks":3,"stat.craftItem.harvestcraft.fruitpunchitem":2,"stat.mineBlock.minecraft.log":1613,"stat.craftItem.botania.pylon":0,"stat.craftItem.thermalexpansion.frame":0,"stat.cakeSlicesEaten":2,"stat.craftItem.storagedrawers.basicdrawers":0,"stat.craftItem.minecraft.diamond_leggings":0,"stat.drop.botania.terrasteelchest":1,"stat.drop.thermalfoundation.material":1,"stat.mineBlock.mekanism.glowpanel":2,"stat.craftItem.minecraft.wool":6,"stat.drop.enderio.item_basic_item_filter":1,"stat.pickup.rustic.chair_spruce":1,"stat.mineBlock.astralsorcery.blockcustomore":31,"stat.pickup.mysticalagriculture.fire_seeds":27,"stat.useItem.minecraft.snow":1,"stat.craftItem.harvestcraft.grapejuiceitem":1,"stat.pickup.minecraft.enchanted_book":38,"stat.pickup.minecraft.writable_book":1,"stat.pickup.harvestcraft.cactusfruititem":4,"stat.useItem.minecraft.obsidian":28,"stat.pickup.minecraft.bow":2,"stat.craftItem.harvestcraft.bakedsweetpotatoitem":13,"stat.pickup.actuallyadditions.block_empowerer":2,"stat.craftItem.harvestcraft.gardensoupitem":1,"stat.useItem.mekanism.basicblock2":288,"stat.pickup.harvestcraft.broccoliitem":9,"stat.pickup.mysticalagriculture.electrum_seeds":33,"stat.pickup.actuallyadditions.item_booklet":1,"stat.pickup.draconicevolution.wyvern_chest":1,"stat.craftItem.botania.dye":51,"stat.mineBlock.appliedenergistics2.wireless_access_point":4,"stat.timeSinceDeath":17142,"stat.mineBlock.openblocks.auto_anvil":1,"stat.mineBlock.cookingforblockheads.cutting_board":1,"stat.pickup.mysticalagriculture.spider_essence":11,"stat.useItem.appliedenergistics2.memory_card":2,"stat.mineBlock.botania.livingwood":13,"stat.useItem.minecraft.potato":4,"stat.pickup.minecraft.nether_wart":53,"stat.pickup.minecraft.spruce_fence":6,"stat.useItem.harvestcraft.blueberryitem":1,"stat.drop.astralsorcery.itemrockcrystalsimple":27,"stat.useItem.multistorage.ender_chest":1,"stat.pickup.botania.bloodpendant":4,"stat.pickup.botania.manaresource":116,"stat.useItem.harvestcraft.eggsaladitem":3,"stat.pickup.enderio.block_cap_bank":15,"stat.pickup.botania.phantomink":5,"stat.craftItem.minecraft.apple":8,"stat.drop.appliedenergistics2.certus_quartz_wrench":1,"stat.useItem.enderio.item_yeta_wrench":29,"stat.useItem.actuallyadditions.item_coffee_beans":1,"stat.useItem.harvestcraft.zucchiniitem":1,"stat.pickup.minecraft.snowball":4,"stat.pickup.harvestcraft.marshmellowsitem":87,"stat.craftItem.harvestcraft.eggsaladitem":3,"stat.drop.mysticalagriculture.limestone_essence":8,"stat.pickup.storagedrawers.basicdrawers":17,"stat.useItem.agricraft.magnifying_glass":2,"stat.pickup.mekanism.glowpanel":2,"stat.pickup.harvestcraft.potitem":3,"stat.craftItem.harvestcraft.market":0,"stat.useItem.harvestcraft.tortillaitem":1,"stat.useItem.harvestcraft.groundtrap":2,"stat.useItem.minecraft.rotten_flesh":1,"stat.craftItem.minecraft.diamond_sword":0,"stat.mineBlock.mekanism.boundingblock":6,"stat.useItem.botania.tinypotato":4,"stat.craftItem.minecraft.glowstone_dust":128,"stat.damageTaken":6262,"stat.useItem.harvestcraft.radishitem":1,"stat.mineBlock.minecraft.sapling":22,"stat.craftItem.quark.stone_speleothem":6,"stat.pickup.minecraft.potato":750,"stat.pickup.mysticalagriculture.steel_essence":735,"stat.useItem.enderio.block_tank":4,"stat.craftItem.endertanks.ender_bucket":0,"stat.pickup.harvestcraft.lettuceitem":13,"stat.pickup.harvestcraft.curryleafseeditem":1,"stat.drop.botania.petal":5,"stat.useItem.harvestcraft.carrotjuiceitem":3,"stat.drop.harvestcraft.driedsoupitem":2,"stat.useItem.appliedenergistics2.inscriber":1,"stat.pickup.harvestcraft.celeryitem":7,"stat.useItem.tconstruct.faucet":4,"stat.craftItem.minecraft.potato":0,"stat.pickup.minecraft.ender_pearl":1,"stat.pickup.botania.managlass":64,"stat.craftItem.bigreactors.blockmetals":0,"stat.pickup.thermalcultivation.watering_can":15,"stat.pickup.mysticalagriculture.basalt_essence":13,"stat.pickup.harvestcraft.gigapickleseeditem":1,"stat.useItem.harvestcraft.celeryitem":5,"stat.pickup.mysticalagriculture.invar_essence":125,"stat.pickup.minecraft.torch":56,"stat.craftItem.thermalfoundation.upgrade":0,"stat.useItem.harvestcraft.mulberryitem":1,"stat.useItem.harvestcraft.blueberrypieitem":1,"stat.pickup.appliedenergistics2.security_station":1,"stat.drop.botania.phantomink":1,"stat.useItem.harvestcraft.raisincookiesitem":1,"stat.pickup.mysticalagriculture.fire_essence":1773,"stat.pickup.appliedenergistics2.condenser":3,"stat.useItem.minecraft.planks":1,"stat.pickup.appliedenergistics2.drive":5,"stat.pickup.mysticalagriculture.manyullyn_essence":1,"stat.useItem.harvestcraft.popcornitem":3,"stat.craftItem.enderio.item_conduit_probe":0,"stat.craftItem.agricraft.magnifying_glass":0,"stat.useItem.harvestcraft.soybeanitem":1,"stat.pickup.minecraft.sand":21,"stat.craftItem.mekanism.basicblock":0,"stat.useItem.harvestcraft.gravyitem":1,"stat.drop.appliedenergistics2.part":1,"stat.pickup.forestry.planks.0":137,"stat.pickup.botania.manasteelchest":1,"stat.craftItem.harvestcraft.potatosoupitem":2,"stat.craftItem.enderio.block_fused_glass":33,"stat.craftItem.storagedrawers.quantify_key":0,"stat.pickup.actuallyadditions.item_worm":222,"stat.pickup.appliedenergistics2.crystal_seed":435,"stat.drop.mysticalagriculture.blaze_seeds":2,"stat.pickup.harvestcraft.sesameseedsseeditem":1,"stat.drop.mysticalagriculture.marble_seeds":2,"stat.pickup.appliedenergistics2.inscriber":8,"stat.pickup.harvestcraft.wintersquashseeditem":1,"stat.craftItem.basemetals.starsteel_crossbow":0,"stat.pickup.minecraft.furnace":8,"stat.craftItem.minecraft.ender_pearl":8,"stat.pickup.mysticalagriculture.dark_steel_essence":502,"stat.useItem.harvestcraft.melonjuiceitem":1,"stat.useItem.rustic.table_oak":2,"stat.drop.harvestcraft.fruitpunchitem":1,"stat.craftItem.botania.shimmerrock":5,"stat.useItem.rustic.chain":29,"stat.craftItem.minecraft.sand":1808,"stat.craftItem.appliedenergistics2.quartz_glass":0,"stat.pickup.botania.tinypotato":854,"stat.mineBlock.rustic.iron_lantern":1,"stat.craftItem.harvestcraft.carrotjuiceitem":3,"stat.craftItem.harvestcraft.groundtrap":0,"stat.useItem.harvestcraft.beanitem":1,"stat.craftItem.enderio.block_tank":1,"stat.playOneMinute":5478743,"stat.craftItem.appliedenergistics2.energy_cell":0,"stat.pickup.appliedenergistics2.encoded_pattern":33,"stat.pickup.mysticalagriculture.iron_seeds":11,"stat.pickup.minecraft.beacon":2,"stat.pickup.mysticalagriculture.skeleton_essence":28,"stat.craftItem.minecraft.pumpkin_pie":2,"stat.pickup.rustic.iron_lantern":1,"stat.pickup.harvestcraft.tomatoitem":7,"stat.pickup.mysticalagriculture.graphite_essence":288,"stat.mineBlock.astralsorcery.blockcelestialgateway":2,"stat.useItem.harvestcraft.curryleafitem":1,"stat.useItem.betterbuilderswands.wandstone":106,"stat.craftItem.appliedenergistics2.grindstone":1,"stat.fallOneCm":2907211,"stat.pickup.mekanism.basicblock2":652,"stat.drop.minecraft.dye":6,"stat.pickup.mysticalagriculture.fluix_seeds":6,"stat.pickup.harvestcraft.cuttingboarditem":1,"stat.craftItem.minecraft.chest":1,"stat.pickup.mysticalagriculture.nature_seeds":28,"stat.useItem.enderio.item_conduit_probe":8,"stat.mineBlock.minecraft.lever":15,"stat.craftItem.harvestcraft.taffyitem":7,"stat.mineBlock.botania.livingrock":1,"stat.craftItem.astralsorcery.blockblackmarble":40,"stat.useItem.harvestcraft.cactusfruitjuiceitem":1,"stat.pickup.minecraft.milk_bucket":1,"stat.pickup.minecraft.feather":123,"stat.pickup.actuallyadditions.block_farmer":1,"stat.craftItem.ic2.crop_stick":2,"stat.pickup.botania.twigwand":4,"stat.pickup.mysticalagriculture.wither_skeleton_essence":1,"stat.pickup.botania.specialflower":8,"stat.pickup.botania.pylon":1,"stat.craftItem.harvestcraft.stockitem":65,"stat.craftItem.actuallyadditions.item_battery_double":0,"stat.pickup.minecraft.log":1622,"stat.craftItem.harvestcraft.scrambledeggitem":4,"stat.useItem.harvestcraft.ramenitem":1,"stat.pickup.ae2stuff.inscriber":5,"stat.craftItem.thermaldynamics.duct_0":0,"stat.pickup.botania.dirtrod":1,"stat.drop.tconstruct.edible":2,"stat.craftItem.appliedenergistics2.interface":3,"stat.useItem.storagedrawers.trim":7,"stat.mineBlock.forestry.sapling_ge":36,"stat.craftItem.minecraft.golden_boots":0,"stat.sneakTime":118501,"stat.craftItem.draconicevolution.wyvern_helm":0,"stat.craftItem.minecraft.enchanting_table":0,"stat.pickup.botania.bifrostperm":3,"stat.craftItem.draconicevolution.wyvern_sword":0,"stat.mineBlock.astralsorcery.blockcelestialcollectorcrystal":10,"stat.useItem.agricraft.water_tank":285,"stat.craftItem.botania.petal":220,"stat.craftItem.tconstruct.faucet":3,"stat.useItem.harvestcraft.cactusfruititem":1,"stat.swimOneCm":24063,"stat.pickup.quark.glass_shards":243,"stat.pickup.astralsorcery.itemperkseal":1,"stat.useItem.harvestcraft.strawberryitem":1,"stat.useItem.minecraft.dirt":304,"stat.pickup.appliedenergistics2.dense_energy_cell":3,"stat.useItem.harvestcraft.barleyitem":2,"stat.pickup.botania.terrasteelchest":7,"stat.drop.minecraft.ender_pearl":12,"stat.craftItem.bigreactors.reactorredstoneport":0,"stat.craftItem.basemetals.wood_crackhammer":0,"stat.pickup.minecraft.glass_bottle":9,"stat.pickup.mysticalagriculture.aluminum_essence":1,"stat.pickup.harvestcraft.leekitem":2,"stat.craftItem.actuallyadditions.item_food":22,"stat.craftItem.minecraft.dragon_egg":0,"stat.craftItem.astralsorcery.blockmarble":568,"stat.pickup.mysticalagriculture.pulsating_iron_seeds":54,"stat.pickup.actuallyadditions.block_testifi_bucks_green_wall":16,"stat.useItem.minecraft.lever":7,"stat.pickup.multistorage.ender_chest":1,"stat.useItem.enderio.block_cap_bank":4,"stat.mineBlock.minecraft.coal_block":1,"stat.pickup.minecraft.stonebrick":1829,"stat.craftItem.minecraft.blaze_rod":0,"stat.pickup.enderio.block_alloy_smelter":2,"stat.pickup.endertanks.ender_tank":6,"stat.drop.astralsorcery.itemwand":1,"stat.craftItem.minecraft.reeds":16,"stat.useItem.astralsorcery.blockmarble":585,"stat.pickup.draconicevolution.crystal_binder":1,"stat.craftItem.mekanism.energytablet":0,"stat.pickup.harvestcraft.mulberryitem":2,"stat.pickup.mysticalagriculture.water_essence":949,"stat.craftItem.mekanism.gastank":0,"stat.drop.rustic.tomato_seeds":2,"stat.pickup.actuallyadditions.item_misc":128,"stat.craftItem.draconicevolution.particle_generator":0,"stat.craftItem.agricraft.sprinkler":14,"stat.pickup.minecraft.speckled_melon":1,"stat.craftItem.minecraft.armor_stand":0,"stat.useItem.tconstruct.casting":2,"stat.useItem.minecraft.wheat":15,"stat.useItem.harvestcraft.gigapickleitem":1,"stat.pickup.mysticalagriculture.diamond_seeds":28,"stat.craftItem.harvestcraft.potitem":1,"stat.craftItem.multistorage.stone_storage":0,"stat.craftItem.minecraft.clay":64,"stat.pickup.minecraft.gravel":81,"stat.useItem.minecraft.glass_bottle":5,"stat.mineBlock.tconstruct.smeltery_controller":2,"stat.useItem.harvestcraft.scrambledeggitem":2,"stat.craftItem.actuallyadditions.item_drill_upgrade_speed_iii":0,"stat.pickup.mysticalagriculture.obsidian_seeds":35,"stat.craftItem.betterbuilderswands.wandstone":1,"stat.useItem.harvestcraft.marshmellowsitem":16,"stat.pickup.minecraft.diamond_sword":1,"stat.useItem.minecraft.wooden_hoe":7,"stat.craftItem.minecraft.pumpkin":0,"stat.craftItem.rustic.table_spruce":8,"stat.craftItem.minecraft.poisonous_potato":3,"stat.useItem.minecraft.piston":1,"stat.useItem.harvestcraft.surfandturfitem":2,"stat.pickup.mysticalagriculture.limestone_essence":24,"stat.pickup.mysticalagriculture.saltpeter_seeds":2,"stat.useItem.bigreactors.blockmetals":1,"stat.pickup.quark.custom_chest":21,"stat.pickup.mysticalagriculture.invar_seeds":2,"stat.pickup.actuallyadditions.block_crystal_empowered":3,"stat.craftItem.botania.spark":0,"stat.mineBlock.minecraft.mycelium":6,"stat.dispenserInspected":35,"stat.craftItem.minecraft.glass":90,"stat.craftItem.minecraft.cauldron":0,"stat.pickup.harvestcraft.cauliflowerseeditem":1,"stat.mineBlock.chisel.auto_chisel":1,"stat.sleepInBed":16,"stat.pickup.botania.dye":3,"stat.pickup.minecraft.piston":1,"stat.craftItem.harvestcraft.raisincookiesitem":4,"stat.walkOneCm":15110173,"stat.craftItem.quark.custom_chest":20,"stat.pickup.minecraft.clay_ball":264,"stat.useItem.appliedenergistics2.network_tool":16,"stat.pickup.draconicevolution.crafting_injector":38,"stat.mineBlock.appliedenergistics2.controller":48,"stat.drop.minecraft.iron_chestplate":3,"stat.pickup.minecraft.stone":1412,"stat.pickup.harvestcraft.blueberryjellyitem":4,"stat.mineBlock.rustic.chandelier":4,"stat.pickup.minecraft.gold_ingot":4,"stat.pickup.mysticalagriculture.blitz_seeds":1,"stat.useItem.harvestcraft.strawberryjuiceitem":1,"stat.mineBlock.minecraft.redstone_torch":4,"stat.pickup.mysticalagriculture.draconium_seeds":35,"stat.pickup.botania.pool":1,"stat.useItem.appliedenergistics2.part":554,"stat.craftItem.harvestcraft.blueberrypieitem":1,"stat.craftItem.draconicevolution.fusion_crafting_core":0,"stat.useItem.appliedenergistics2.interface":106,"stat.craftItem.minecraft.brick":18,"stat.mineBlock.minecraft.stone":5,"stat.drop.mekanism.dictionary":1,"stat.craftItem.mekanism.teleportationcore":0,"stat.useItem.minecraft.bow":65,"stat.craftItem.basemetals.starsteel_rod":0,"stat.pickup.agricraft.crop_sticks":2451,"stat.pickup.appliedenergistics2.crafting_storage_4k":4,"stat.drop.minecraft.redstone":131,"stat.craftItem.botania.lexicon":0,"stat.pickup.thermalexpansion.capacitor":6,"stat.pickup.rustic.chain":41,"stat.drop.minecraft.enchanted_book":30,"stat.pickup.tconstruct.faucet":4,"stat.pickup.harvestcraft.seaweeditem":12,"stat.useItem.harvestcraft.cookiesandmilkitem":1,"stat.pickup.minecraft.bucket":18,"stat.useItem.mekanism.configurator":181,"stat.pickup.harvestcraft.mortarandpestleitem":1,"stat.pickup.draconicevolution.wyvern_legs":1,"stat.pickup.harvestcraft.scallionitem":9,"stat.pickup.botania_tweaks.compressed_tiny_potato_1":10,"stat.pickup.botania_tweaks.compressed_tiny_potato_2":1,"stat.pickup.botania_tweaks.compressed_tiny_potato_3":1,"stat.craftItem.harvestcraft.cookiesandmilkitem":2,"stat.mineBlock.botania.bifrostperm":3,"stat.useItem.harvestcraft.asparagusitem":1,"stat.drop.harvestcraft.potatosoupitem":1,"stat.craftItem.simplyjetpacks.itemjetpack":3,"stat.pickup.mysticalagriculture.starmetal_seeds":9,"stat.pickup.harvestcraft.cornitem":15,"stat.mineBlock.ae2stuff.inscriber":4,"stat.mineBlock.minecraft.wooden_button":2,"stat.craftItem.enderio.block_fused_quartz":40,"stat.useItem.basemetals.starsteel_crossbow":16,"stat.pickup.harvestcraft.mulberryseeditem":1,"stat.pickup.mysticalagriculture.wood_seeds":55,"stat.drop.appliedenergistics2.crystal_seed":35,"stat.pickup.actuallyadditions.item_crystal":395,"stat.pickup.mysticalagriculture.bronze_essence":259,"stat.mineBlock.cookingforblockheads.fridge":6,"stat.pickup.botania.rune":3,"stat.useItem.draconicevolution.crafting_injector":20,"stat.mineBlock.bigreactors.turbinerotorshaft":3,"stat.mineBlock.astralsorcery.blockmarble":258,"stat.drop.minecraft.cooked_fish":1,"stat.pickup.mysticalagriculture.blaze_seeds":36,"stat.useItem.botania.twigwand":338,"stat.useItem.harvestcraft.crispyricepuffbarsitem":1,"stat.pickup.minecraft.lever":26,"stat.deaths":15,"stat.useItem.tconstruct.smeltery_io":2,"stat.pickup.mysticalagriculture.nickel_seeds":2,"stat.pickup.appliedenergistics2.crafting_storage_1k":2,"stat.craftItem.endertanks.ender_tank":0,"stat.mineBlock.thermalexpansion.machine":1,"stat.pickup.draconicevolution.wyvern_bow":1,"stat.pickup.enderio.block_fused_glass":6,"stat.useItem.mekanismgenerators.generator":2,"stat.craftItem.minecraft.mossy_cobblestone":0,"stat.drop.mysticalagriculture.diamond_seeds":1,"stat.craftItem.harvestcraft.raisinsitem":5,"stat.drop.mysticalagriculture.pulsating_iron_seeds":1,"stat.drop.rustic.chain":10,"stat.craftItem.minecraft.quartz_block":0,"stat.mineBlock.appliedenergistics2.crafting_accelerator":11,"stat.pickup.botania.storage":33,"stat.pickup.botania.lexicon":6,"stat.pickup.botania.terrasteelhelm":2,"stat.mineBlock.openblocks.xp_drain":1,"stat.useItem.actuallyadditions.block_crystal":1,"stat.crouchOneCm":336287,"stat.craftItem.minecraft.iron_ingot":237,"stat.pickup.mysticalagriculture.chicken_seeds":4,"stat.pickup.enderio.block_painter":1,"stat.pickup.harvestcraft.blueberrymuffinitem":1,"stat.pickup.actuallyadditions.block_phantomface":1,"stat.craftingTableInteraction":234,"stat.pickup.minecraft.repeater":1,"stat.drop.mysticalagriculture.rock_crystal_seeds":3,"stat.craftItem.harvestcraft.pepperjellyitem":2,"stat.mineBlock.tconstruct.smeltery_io":5,"stat.drop.mysticalagriculture.enderman_essence":1,"stat.pickup.mysticalagriculture.energetic_alloy_essence":492,"stat.craftItem.enderio.item_power_conduit":0,"stat.pickup.mysticalagriculture.cow_seeds":2,"stat.drop.harvestcraft.candiedgingeritem":2,"stat.craftItem.botania.terrasteelboots":1,"stat.mineBlock.enderio.block_painter":1,"stat.pickup.mysticalagriculture.electrical_steel_seeds":19,"stat.pickup.tconstruct.pattern":3,"stat.pickup.mysticalagriculture.fluix_essence":331,"stat.craftItem.harvestcraft.candiedgingeritem":4,"stat.pickup.tconstruct.pickaxe":9,"stat.mineBlock.appliedenergistics2.vibration_chamber":1,"stat.pickup.quark.spruce_pressure_plate":2,"stat.pickup.harvestcraft.rutabagaseeditem":2,"stat.pickup.astralsorcery.blockwell":1,"stat.mineBlock.rustic.barrel":2,"stat.drop.mysticalagriculture.silicon_seeds":1,"stat.drop.minecraft.sapling":1,"stat.pickup.minecraft.chicken":1,"stat.mineBlock.botania.pylon":1,"stat.drop.minecraft.fish":1,"stat.pickup.minecraft.coal_block":234,"stat.craftItem.minecraft.bucket":15,"stat.pickup.mysticalagriculture.black_quartz_essence":132,"stat.pickup.botania.elfglass":64,"stat.pickup.harvestcraft.kiwiitem":8,"stat.craftItem.minecraft.fishing_rod":0,"stat.useItem.harvestcraft.raspberryitem":1,"stat.useItem.minecraft.stonebrick":2131,"stat.pickup.minecraft.book":9,"stat.craftItem.minecraft.log":16,"stat.pickup.appliedenergistics2.crafting_storage_64k":23,"stat.useItem.botania.pylon":6,"stat.craftItem.harvestcraft.crispyricepuffbarsitem":1,"stat.useItem.harvestcraft.veggiestripsitem":1,"stat.mineBlock.forestry.leaves":104,"stat.mineBlock.minecraft.pumpkin":1,"stat.useItem.harvestcraft.milletitem":12,"stat.pickup.appliedenergistics2.molecular_assembler":263,"stat.craftItem.minecraft.clock":0,"stat.drop.minecraft.cobblestone":1,"stat.mineBlock.endertanks.ender_tank":7,"stat.useItem.minecraft.stone_slab2":1141,"stat.craftItem.botania.terrasteelchest":1,"stat.craftItem.minecraft.furnace":9,"stat.mineBlock.mekanism.transmitter":285,"stat.drop.botania.sparkupgrade":1,"stat.pickup.rustic.table_oak":3,"stat.pickup.agricraft.water_channel_normal":147,"stat.craftItem.harvestcraft.carrotcakeitem":1,"stat.drop.mysticalagriculture.dirt_seeds":9,"stat.craftItem.minecraft.beacon":0,"stat.pickup.mysticalagriculture.slate_seeds":4,"stat.pickup.mysticalagriculture.wood_essence":352,"stat.pickup.enderio.block_tank":12,"stat.pickup.mysticalagriculture.creeper_essence":8,"stat.useItem.actuallyadditions.block_display_stand":6,"stat.drop.mysticalagriculture.aluminum_seeds":2,"stat.useItem.minecraft.diamond_block":5,"stat.pickup.cookingforblockheads.fridge":6,"stat.craftItem.cookingforblockheads.fridge":0,"stat.craftItem.rustic.chair_spruce":0,"stat.useItem.minecraft.snowball":16,"stat.useItem.enderio.item_power_conduit":44,"stat.pickup.mysticalagriculture.obsidian_essence":250,"stat.useItem.storagedrawers.tape":3,"stat.craftItem.minecraft.dye":101,"stat.mineBlock.rustic.table_oak":3,"stat.pickup.ic2.crop_stick":1,"stat.pickup.minecraft.wheat":69,"stat.craftItem.harvestcraft.friedeggitem":26,"stat.mineBlock.thermalfoundation.storage_alloy":8,"stat.useItem.mekanism.dictionary":26,"stat.drop.astralsorcery.itemcraftingcomponent":13,"stat.mineBlock.rustic.chain":4,"stat.pickup.mysticalagriculture.sapphire_seeds":2,"stat.pickup.minecraft.iron_ingot":19,"stat.useItem.botania.terrasword":20,"stat.craftItem.minecraft.lever":14,"stat.pickup.minecraft.gunpowder":1,"stat.pickup.harvestcraft.milletitem":449,"stat.pickup.appliedenergistics2.facade":16,"stat.pickup.mysticalagriculture.draconium_essence":227,"stat.drop.mysticalagriculture.electrum_seeds":3,"stat.pickup.astralsorcery.blockcelestialcollectorcrystal":11,"stat.craftItem.basemetals.starsteel_shield":1,"stat.pickup.mysticalagriculture.electrum_essence":472,"stat.useItem.minecraft.stone_brick_stairs":110,"stat.mineBlock.minecraft.torch":44,"stat.mineBlock.minecraft.red_flower":1,"stat.pickup.appliedenergistics2.interface":182,"stat.drop.actuallyadditions.item_food":9,"stat.pickup.harvestcraft.eggplantseeditem":1,"stat.useItem.enderio.block_fused_glass":22,"stat.useItem.agricraft.sprinkler":8,"stat.craftItem.harvestcraft.flouritem":79,"stat.useItem.minecraft.lava_bucket":2,"stat.useItem.actuallyadditions.item_worm":9,"stat.useItem.storagedrawers.drawer_key":12,"stat.craftItem.harvestcraft.manjuuitem":2,"stat.craftItem.draconicevolution.crafting_injector":0,"stat.useItem.minecraft.melon":25,"stat.craftItem.minecraft.wheat":0,"stat.mineBlock.enderio.block_enchanter":2,"stat.mineBlock.appliedenergistics2.condenser":3,"stat.pickup.mysticalagriculture.marble_essence":613,"stat.mobKills":9,"stat.pickup.actuallyadditions.block_dropper":2,"stat.useItem.minecraft.boat":1,"stat.craftItem.rustic.table_oak":2,"stat.pickup.minecraft.diamond":41,"stat.drop.mysticalagriculture.fluix_essence":8,"stat.pickup.actuallyadditions.item_phantom_connector":1,"stat.drop.mekanism.walkietalkie":1,"stat.useItem.enderio.item_item_conduit":47,"stat.pickup.botania.livingrock":3,"stat.useItem.harvestcraft.rhubarbitem":1,"stat.pickup.mysticalagriculture.certus_quartz_seeds":11,"stat.craftItem.harvestcraft.cornmealitem":8,"stat.craftItem.simplyjetpacks.metaitem":0,"stat.useItem.harvestcraft.taffyitem":3,"stat.craftItem.appliedenergistics2.io_port":0,"stat.pickup.mysticalagriculture.iron_essence":997,"stat.useItem.minecraft.poisonous_potato":1,"stat.drop.harvestcraft.blueberrymuffinitem":2,"stat.pickup.mysticalagriculture.nether_quartz_essence":12,"stat.craftItem.appliedenergistics2.wireless_terminal":0,"stat.pickup.minecraft.glowstone_dust":1,"stat.useItem.botania.pool":9,"stat.craftItem.draconicevolution.draconium_capacitor":0,"stat.useItem.ae2stuff.inscriber":3,"stat.mineBlock.minecraft.stone_brick_stairs":10,"stat.pickup.rustic.barrel":2,"stat.pickup.appliedenergistics2.crafting_accelerator":11,"stat.drop.appliedenergistics2.biometric_card":1,"stat.pickup.tconstruct.metal":2,"stat.pickup.mysticalagriculture.aquamarine_seeds":79,"stat.pickup.forestry.slabs.0":10,"stat.drop.harvestcraft.gravyitem":1,"stat.drop.astralsorcery.itemhandtelescope":1,"stat.craftItem.minecraft.slime":0,"stat.drop.appliedenergistics2.encoded_pattern":1,"stat.hopperInspected":87,"stat.drop.minecraft.diamond":4,"stat.craftItem.basemetals.starsteel_boots":1,"stat.pickup.mekanismgenerators.generator":31,"stat.pickup.botania.manaring":17,"stat.pickup.minecraft.armor_stand":1,"stat.pickup.mysticalagriculture.aluminum_brass_seeds":24,"stat.useItem.harvestcraft.pepperjellyitem":1,"stat.craftItem.thermalcultivation.watering_can":4,"stat.mineBlock.actuallyadditions.block_phantomface":2,"stat.drop.minecraft.diamond_block":5,"stat.pickup.bigreactors.reactorredstoneport":1,"stat.useItem.harvestcraft.watermelonjellyitem":1,"stat.drop.actuallyadditions.item_phantom_connector":1,"stat.craftItem.harvestcraft.mochiitem":2,"stat.craftItem.thermalfoundation.material":29,"stat.pickup.mysticalagriculture.nature_essence":260,"stat.craftItem.multistorage.ender_chest":0,"stat.drop.botania.dirtrod":1,"stat.useItem.betterbuilderswands.wanddiamond":68,"stat.pickup.minecraft.pumpkin_seeds":2,"stat.craftItem.minecraft.obsidian":0,"stat.pickup.simplyjetpacks.itemjetpack":3,"stat.mineBlock.appliedenergistics2.dense_energy_cell":1,"stat.drop.astralsorcery.itemusabledust":1,"stat.pickup.harvestcraft.groundtrap":1,"stat.mineBlock.botania.specialflower":5,"stat.pickup.minecraft.pumpkin":24,"stat.pickup.enderio.block_reservoir":31,"stat.useItem.minecraft.fish":1,"stat.pickup.tconstruct.casting":3,"stat.pickup.mysticalagriculture.vibrant_alloy_seeds":18,"stat.useItem.minecraft.experience_bottle":22,"stat.craftItem.minecraft.mycelium":16,"stat.craftItem.tconstruct.toolforge":1,"stat.craftItem.botania.bifrostperm":6,"stat.drop.minecraft.book":9,"stat.dropperInspected":1,"stat.pickup.mysticalagriculture.rubber_essence":11,"stat.useItem.harvestcraft.steamedpeasitem":1,"stat.useItem.mekanism.energyupgrade":1,"stat.craftItem.minecraft.wooden_button":0,"stat.useItem.harvestcraft.tomatosoupitem":1,"stat.craftItem.tconstruct.materials":512,"stat.mineBlock.botania.pool":1,"stat.mineBlock.minecraft.snow":1,"stat.pickup.mysticalagradditions.nether_star_seeds":33,"stat.useItem.harvestcraft.zombiejerkyitem":1,"stat.mineBlock.minecraft.beacon":2,"stat.craftItem.minecraft.leather":16,"stat.pickup.mekanism.ingot":76,"stat.useItem.minecraft.torch":10,"stat.useItem.minecraft.log":6,"stat.craftItem.minecraft.crafting_table":5,"stat.pickup.astralsorcery.itemtunedcelestialcrystal":6,"stat.pickup.enderio.block_simple_alloy_smelter":1,"stat.craftItem.quark.spruce_pressure_plate":0,"stat.craftItem.minecraft.boat":0,"stat.useItem.minecraft.cooked_fish":1,"stat.craftItem.basemetals.starsteel_bolt":0,"stat.drop.minecraft.stonebrick":40,"stat.craftItem.betterbuilderswands.wanddiamond":0,"stat.craftItem.harvestcraft.bakewareitem":1,"stat.pickup.minecraft.sapling":243,"stat.mineBlock.enderio.block_cap_bank":3,"stat.craftItem.astralsorcery.blockaltar":1,"stat.drop.minecraft.melon_seeds":1,"stat.useItem.agricraft.water_channel_normal":112,"stat.pickup.mysticalagriculture.guardian_essence":64,"stat.pickup.minecraft.beetroot":16,"stat.craftItem.thermalexpansion.capacitor":0,"stat.mineBlock.mekanism.machineblock":18,"stat.useItem.appliedenergistics2.crafting_unit":19,"stat.pickup.harvestcraft.juteitem":5,"stat.drop.minecraft.yellow_flower":2,"stat.pickup.minecraft.yellow_flower":2,"stat.useItem.enderio.item_conduit_facade":1,"stat.craftItem.harvestcraft.friesitem":17,"stat.craftItem.minecraft.diamond_chestplate":0,"stat.pickup.minecraft.redstone_torch":4,"stat.craftItem.minecraft.bone":24,"stat.mineBlock.actuallyadditions.block_dropper":2,"stat.craftItem.appliedenergistics2.condenser":0,"stat.craftItem.minecraft.diamond_helmet":0,"stat.useItem.harvestcraft.ricesoupitem":1,"stat.ae2.ItemsExtracted":48556,"stat.drop.minecraft.writable_book":1,"stat.drop.harvestcraft.ramenitem":1,"stat.craftItem.forestry.planks.0":832,"stat.mineBlock.appliedenergistics2.interface":87,"stat.craftItem.minecraft.trapdoor":0,"stat.pickup.appliedenergistics2.controller":45,"stat.craftItem.actuallyadditions.block_ranged_collector":0,"stat.pickup.botania.travelbelt":8,"stat.mineBlock.mekanism.basicblock2":573,"stat.craftItem.botania.alchemycatalyst":0,"stat.useItem.harvestcraft.juteitem":1,"stat.craftItem.minecraft.glass_bottle":3,"stat.pickup.minecraft.cactus":2,"stat.pickup.minecraft.redstone":295,"stat.ae2.TurnedCranks":417,"stat.craftItem.minecraft.book":1,"stat.pickup.mysticalagriculture.nickel_essence":2,"stat.craftItem.minecraft.cake":0,"stat.useItem.ic2.crop_stick":2,"stat.drop.harvestcraft.surfandturfitem":1,"stat.useItem.harvestcraft.bamboosteamedriceitem":1,"stat.pickup.tconstruct.soil":64,"stat.mineBlock.actuallyadditions.block_display_stand":5,"stat.craftItem.tconstruct.soil":512,"stat.craftItem.harvestcraft.pumpkinmuffinitem":2,"stat.craftItem.enderio.item_conduit_facade":0,"stat.useItem.enderio.item_ender_food":1,"stat.craftItem.rustic.chair_oak":4,"stat.craftItem.botania.manaresource":133,"stat.pickup.minecraft.nether_star":10,"stat.pickup.rustic.chandelier":6,"stat.useItem.minecraft.spruce_fence":26,"stat.craftItem.minecraft.stick":528,"stat.drop.quark.stone_speleothem":1,"stat.craftItem.thermalexpansion.dynamo":0,"stat.craftItem.agricraft.crop_sticks":328,"stat.pickup.harvestcraft.saucepanitem":1,"stat.craftItem.minecraft.gold_nugget":0,"stat.pickup.harvestcraft.barleyitem":5,"stat.pickup.storagedrawers.drawer_key":4,"stat.pickup.forestry.logs.0":482,"stat.drop.mysticalagriculture.slate_seeds":1,"stat.craftItem.minecraft.clay_ball":360,"stat.pickup.draconicevolution.wyvern_boots":1,"stat.drop":728,"stat.drop.mysticalagriculture.redstone_seeds":8,"stat.craftItem.actuallyadditions.item_misc":55,"stat.mineBlock.astralsorcery.blockmachine":4,"stat.craftItem.harvestcraft.gravyitem":4,"stat.pickup.mysticalagriculture.adamantine_seeds":1,"stat.drop.minecraft.nether_wart":6,"stat.useItem.draconicevolution.energy_crystal":1,"stat.pickup.openblocks.xp_drain":1,"stat.pickup.bigreactors.reactorglass":2,"stat.pickup.mysticalagriculture.rock_crystal_essence":610,"stat.craftItem.enderio.item_xp_transfer":0,"stat.pickup.harvestcraft.bakewareitem":1,"stat.craftItem.botania.pestleandmortar":0,"stat.pickup.appliedenergistics2.wireless_access_point":4,"stat.pickup.enderio.item_item_conduit":44,"stat.drop.minecraft.glass":1,"stat.craftItem.minecraft.flint_and_steel":0,"stat.useItem.harvestcraft.brusselsproutitem":1,"stat.drop.harvestcraft.gingersodaitem":2,"stat.craftItem.minecraft.iron_bars":32,"stat.pickup.mysticalagriculture.conductive_iron_essence":180,"stat.pickup.astralsorcery.itemlinkingtool":2,"stat.pickup.harvestcraft.grapeitem":13,"stat.craftItem.minecraft.lava_bucket":7,"stat.craftItem.minecraft.bowl":4,"stat.mineBlock.actuallyadditions.block_farmer":1,"stat.useItem.cookingforblockheads.fridge":3,"stat.pickup.minecraft.stick":33,"stat.useItem.harvestcraft.boiledeggitem":91,"stat.mineBlock.quark.spruce_pressure_plate":2,"stat.pickup.harvestcraft.cantaloupeitem":1,"stat.useItem.actuallyadditions.item_phantom_connector":2,"stat.pickup.bigreactors.ingotmetals":45,"stat.drop.minecraft.iron_block":51,"stat.mineBlock.rustic.liquid_barrel":3,"stat.craftItem.harvestcraft.kiwijellyitem":2,"stat.craftItem.harvestcraft.sushiitem":2,"stat.mineBlock.rustic.chair_oak":6,"stat.pickup.mysticalagriculture.silicon_seeds":37,"stat.craftItem.appliedenergistics2.crystal_seed":2,"stat.craftItem.minecraft.tnt":0,"stat.pickup.mysticalagradditions.awakened_draconium_seeds":28,"stat.craftItem.basemetals.iron_crackhammer":0,"stat.mineBlock.tconstruct.seared":36,"stat.mineBlock.astralsorcery.blockstructural":3,"stat.craftItem.minecraft.experience_bottle":21,"stat.mineBlock.cookingforblockheads.tool_rack":1,"stat.craftItem.actuallyadditions.block_giant_chest":0,"stat.craftItem.harvestcraft.soysauceitem":5,"stat.craftItem.minecraft.rotten_flesh":0,"stat.pickup.mysticalagriculture.copper_essence":610,"stat.craftItem.draconicevolution.wyvern_chest":0,"stat.useItem.rustic.chair_spruce":3,"stat.pickup.mysticalagriculture.limestone_seeds":6,"stat.pickup.botania.manatablet":1,"stat.craftItem.appliedenergistics2.crafting_storage_1k":1,"stat.craftItem.draconicevolution.celestial_manipulator":0,"stat.pickup.mysticalagriculture.cobalt_essence":4,"stat.craftItem.minecraft.stone_pressure_plate":0,"stat.drop.minecraft.feather":5,"stat.pickup.mysticalagriculture.mithril_seeds":2,"stat.craftItem.enderio.item_liquid_conduit":0,"stat.craftItem.appliedenergistics2.storage_cell_64k":0,"stat.drop.mysticalagriculture.emerald_essence":5,"stat.pickup.mysticalagriculture.sky_stone_seeds":41,"stat.drop.minecraft.sand":2,"stat.drop.minecraft.gold_ingot":8,"stat.mineBlock.actuallyadditions.block_coal_generator":1,"stat.craftItem.appliedenergistics2.sky_stone_block":272,"stat.drop.mysticalagriculture.draconium_seeds":1,"stat.craftItem.minecraft.bed":0,"stat.craftItem.mekanism.configurator":0,"stat.craftItem.botania_tweaks.compressed_tiny_potato_1":87,"stat.useItem.harvestcraft.quinoaitem":12,"stat.craftItem.botania_tweaks.compressed_tiny_potato_3":1,"stat.pickup.thermalfoundation.material":40,"stat.craftItem.botania_tweaks.compressed_tiny_potato_2":10,"stat.useItem.endertanks.ender_tank":2,"stat.drop.harvestcraft.gingeritem":1,"stat.craftItem.harvestcraft.noodlesitem":2,"stat.useItem.minecraft.double_plant":1,"stat.pickup.basemetals.starsteel_boots":2,"stat.pickup.actuallyadditions.block_testifi_bucks_white_wall":16,"stat.craftItem.minecraft.gunpowder":0,"stat.craftItem.harvestcraft.harvestpumpkinitem":5,"stat.mineBlock.thermalexpansion.dynamo":1,"stat.pickup.mysticalagriculture.diamond_essence":897,"stat.pickup.tconstruct.smeltery_io":9,"stat.drop.harvestcraft.freshwateritem":1,"stat.pickup.basemetals.starsteel_helmet":6,"stat.useItem.minecraft.dye":95,"stat.craftItem.mekanism.mufflingupgrade":0,"stat.useItem.harvestcraft.gardensoupitem":1,"stat.mineBlock.minecraft.tallgrass":52,"stat.pickup.tconstruct.seared":193,"stat.mineBlock.mekanism.machineblock2":13,"stat.pickup.mysticalagriculture.zombie_essence":5,"stat.pickup.mekanism.transmitter":351,"stat.pickup.immersiveengineering.material":55,"stat.craftItem.mekanism.machineblock":0,"stat.pickup.botania.manasteellegs":1,"stat.useItem.actuallyadditions.item_food":38,"stat.drop.thermalcultivation.watering_can":1,"stat.mineBlock.mekanism.machineblock3":15,"stat.pickup.astralsorcery.itemgrapplewand":3,"stat.pickup.tconstruct.cast_custom":1,"stat.mineBlock.minecraft.chest":2,"stat.craftItem.minecraft.hopper":8,"stat.drop.mysticalagriculture.sky_stone_essence":5,"stat.pickup.mysticalagriculture.redstone_essence":358,"stat.craftItem.basemetals.starsteel_helmet":1,"stat.craftItem.minecraft.nether_brick":0,"stat.craftItem.harvestcraft.bubblywateritem":8,"stat.pickup.minecraft.wheat_seeds":28,"stat.useItem.basemetals.starsteel_pickaxe":1394,"stat.mineBlock.minecraft.glass":80,"stat.drop.appliedenergistics2.wireless_terminal":1,"stat.pickup.actuallyadditions.block_atomic_reconstructor":1,"stat.craftItem.actuallyadditions.item_drill":0,"stat.pickup.minecraft.poisonous_potato":1,"stat.useItem.minecraft.cobblestone":1,"stat.craftItem.draconicevolution.energy_crystal":2,"stat.useItem.quark.stone_speleothem":5,"stat.useItem.tconstruct.pickaxe":185,"stat.drop.minecraft.carrot":3,"stat.mineBlock.astralsorcery.blockattunementrelay":13,"stat.craftItem.harvestcraft.zombiejerkyitem":2,"stat.pickup.minecraft.hopper":10,"stat.craftItem.actuallyadditions.block_farmer":0,"stat.pickup.minecraft.apple":1,"stat.craftItem.basemetals.starsteel_chestplate":1,"stat.useItem.appliedenergistics2.crafting_storage_64k":30,"stat.useItem.enderio.block_reservoir":22,"stat.useItem.harvestcraft.caulifloweritem":1,"stat.itemEnchanted":1,"stat.craftItem.harvestcraft.springsaladitem":6,"stat.pickup.mysticalagriculture.skeleton_seeds":1,"stat.craftItem.astralsorcery.itemlinkingtool":1,"stat.craftItem.minecraft.paper":24,"stat.pickup.minecraft.red_flower":27,"stat.craftItem.botania.terrasteelhelm":1,"stat.drop.botania.manaresource":26,"stat.pickup.astralsorcery.blockblackmarble":419,"stat.pickup.forestry.sapling":170,"stat.craftItem.extracells.storage.physical":0,"stat.useItem.tconstruct.mattock":1663,"stat.mineBlock.minecraft.yellow_flower":2,"stat.pickup.astralsorcery.itemcelestialcrystal":33,"stat.craftItem.enderio.item_alloy_ingot":40,"stat.mineBlock.appliedenergistics2.crafting_unit":20,"stat.craftItem.appliedenergistics2.chest":0,"stat.mineBlock.actuallyadditions.block_crystal":1,"stat.craftItem.minecraft.arrow":32,"stat.useItem.harvestcraft.tomatoitem":1,"stat.useItem.agricraft.crop_sticks":1637,"stat.craftItem.appliedenergistics2.memory_card":0,"stat.useItem.harvestcraft.wintersquashitem":1,"stat.craftItem.harvestcraft.strawberryjellyitem":2,"stat.mineBlock.enderio.block_tank":12,"stat.pickup.mysticalagriculture.electrical_steel_essence":169,"stat.pickup.harvestcraft.bambooshootitem":5,"stat.useItem.minecraft.egg":184,"stat.mineBlock.minecraft.obsidian":1,"stat.craftItem.minecraft.bow":1,"stat.flyOneCm":5286787,"stat.pickup.enderio.block_power_monitor":7,"stat.useItem.forestry.planks.0":2,"stat.pickup.mysticalagriculture.dirt_essence":1263,"stat.craftItem.betterbuilderswands.wandiron":7,"stat.pickup.harvestcraft.beanitem":6,"stat.pickup.mysticalagriculture.blaze_essence":521,"stat.craftItem.tconstruct.seared":64,"stat.mineBlock.astralsorcery.blockblackmarble":42,"stat.pickup.mysticalagriculture.rubber_seeds":1,"stat.pickup.appliedenergistics2.wireless_terminal":2,"stat.pickup.openblocks.hang_glider":2,"stat.pickup.astralsorcery.blockmachine":9,"stat.pickup.basemetals.starsteel_gear":1,"stat.useItem.harvestcraft.kiwijellyitem":1,"stat.pickup.mysticalagriculture.glowstone_essence":719,"stat.pickup.mysticalagriculture.lead_essence":96,"stat.craftItem.tconstruct.tooltables":8,"stat.craftItem.harvestcraft.batteritem":65,"stat.craftItem.tconstruct.ingots":42,"stat.pickup.mysticalagriculture.lapis_lazuli_seeds":37,"stat.pickup.harvestcraft.quinoaitem":104,"stat.drop.harvestcraft.scrambledeggitem":1,"stat.craftItem.appliedenergistics2.crafting_accelerator":0,"stat.craftItem.minecraft.fish":45,"stat.craftItem.minecraft.golden_sword":0,"stat.pickup.mekanism.configurator":1,"stat.pickup.jaopca.item_mysticalseedsyellowgarnet":1,"stat.drop.appliedenergistics2.interface":5,"stat.diveOneCm":192179,"stat.pickup.draconicevolution.potentiometer":2,"stat.pickup.tconstruct.tooltables":14,"stat.useItem.mekanism.basicblock":373,"stat.useItem.minecraft.chicken":1,"stat.pickup.minecraft.stone_axe":1,"stat.craftItem.thermalexpansion.machine":0,"stat.drop.minecraft.apple":2,"stat.jump":9370,"stat.useItem.minecraft.sand":17,"stat.pickup.mysticalagriculture.grains_of_infinity_seeds":29,"stat.craftItem.enderio.block_power_monitor":0,"stat.craftItem.mekanism.transmitter":0,"stat.useItem.minecraft.glass":81,"stat.useItem.minecraft.sapling":99,"stat.craftItem.harvestcraft.blueberryjellyitem":1,"stat.craftItem.agricraft.water_tank":332,"stat.mineBlock.botania.tinypotato":8,"stat.mineBlock.minecraft.melon_block":6,"stat.useItem.minecraft.gold_block":45,"stat.craftItem.actuallyadditions.item_drill_upgrade_three_by_three":0,"stat.pickup.tconstruct.ingots":137,"stat.useItem.forge.bucketfilled":214,"stat.pickup.botania.altar":6,"stat.craftItem.minecraft.stone_slab":0,"stat.mineBlock.actuallyadditions.block_empowerer":2,"stat.animalsBred":1,"stat.useItem.botania.spark":12,"stat.craftItem.harvestcraft.boiledeggitem":229,"stat.useItem.harvestcraft.potatosoupitem":1,"stat.craftItem.mekanism.ingot":0,"stat.pickup.botania.pestleandmortar":2,"stat.drop.harvestcraft.taffyitem":4,"stat.useItem.harvestcraft.scallionitem":1,"stat.craftItem.minecraft.iron_chestplate":0,"stat.drop.minecraft.potato":1,"stat.mineBlock.minecraft.stonebrick":1281,"stat.useItem.rustic.table_spruce":8,"stat.pickup.harvestcraft.strawberryitem":4,"stat.useItem.botania.livingrock":1,"stat.craftItem.harvestcraft.blueberryjuiceitem":1,"stat.drop.enderio.item_power_conduit":1,"stat.pickup.betterbuilderswands.wandiron":3,"stat.drop.harvestcraft.manjuuitem":1,"stat.craftItem.mekanism.controlcircuit":0,"stat.drop.minecraft.quartz_block":32,"stat.drop.minecraft.stone_axe":1,"stat.mineBlock.appliedenergistics2.crafting_storage_64k":22,"stat.pickup.mysticalagradditions.nether_star_essence":265,"stat.craftItem.harvestcraft.tomatosoupitem":2,"stat.pickup.tconstruct.book":4,"stat.mineBlock.storagedrawers.basicdrawers":17,"stat.mineBlock.tconstruct.seared_tank":1,"stat.useItem.harvestcraft.seaweeditem":3,"stat.pickup.astralsorcery.itemconstellationpaper":7,"stat.pickup.enderio.block_enchanter":2,"stat.pickup.minecraft.lapis_block":1,"stat.craftItem.enderio.block_enchanter":0,"stat.useItem.harvestcraft.driedsoupitem":3,"stat.pickup.minecraft.glass":29,"stat.craftItem.astralsorcery.itemwand":1,"stat.pickup.rustic.chair_oak":6,"stat.useItem.minecraft.water_bucket":34,"stat.craftItem.astralsorcery.blockcustomore":44,"stat.useItem.harvestcraft.gingeritem":1,"stat.craftItem.projectred-transportation.pipe":16,"stat.mineBlock.openblocks.tank":7,"stat.mineBlock.appliedenergistics2.grindstone":1,"stat.useItem.minecraft.ender_pearl":1,"stat.pickup.immersiveengineering.wirecoil":2,"stat.craftItem.minecraft.blaze_powder":0,"stat.craftItem.actuallyadditions.item_drill_upgrade_speed_ii":0,"stat.craftItem.enderio.block_experience_obelisk":0,"stat.pickup.mysticalagriculture.water_seeds":32,"stat.craftItem.rustic.chandelier":2,"stat.pickup.mysticalagriculture.basalt_seeds":3,"stat.useItem.astralsorcery.blockattunementrelay":21,"stat.useItem.harvestcraft.leekitem":1,"stat.useItem.minecraft.redstone":15,"stat.pickup.tconstruct.cast":3,"stat.useItem.harvestcraft.bakedsweetpotatoitem":5,"stat.pickup.botania.auraring":6,"stat.pickup.minecraft.iron_chestplate":4,"stat.pickup.enderio.block_experience_obelisk":1,"stat.craftItem.harvestcraft.kiwijuiceitem":2,"stat.craftItem.minecraft.netherrack":0,"stat.drop.minecraft.wooden_hoe":2,"stat.craftItem.multistorage.ender_bag":0,"stat.useItem.minecraft.pumpkin_pie":1,"stat.pickup.mysticalagriculture.sheep_essence":35,"stat.useItem.minecraft.hopper":10,"stat.pickup.minecraft.diamond_block":8,"stat.pickup.minecraft.iron_bars":42,"stat.pickup.mysticalagriculture.glowstone_seeds":79,"stat.pickup.mysticalagriculture.tin_essence":40,"stat.craftItem.harvestcraft.watermelonjellyitem":2,"stat.drop.tconstruct.shuriken":1,"stat.craftItem.appliedenergistics2.material":173,"stat.mineBlock.appliedenergistics2.cable_bus":389,"stat.mineBlock.tconstruct.faucet":2,"stat.mineBlock.bigreactors.reactorglass":2,"stat.pickup.tconstruct.lumberaxe":4,"stat.craftItem.appliedenergistics2.certus_quartz_wrench":1,"stat.drop.harvestcraft.pepperjellyitem":1,"stat.pickup.mysticalagriculture.sky_stone_essence":671,"stat.craftItem.thermalexpansion.reservoir":0,"stat.craftItem.botania.manasteelshears":1,"stat.pickup.draconicevolution.draconium_capacitor":2,"stat.craftItem.harvestcraft.freshwateritem":3,"stat.craftItem.enderio.block_reservoir":0,"stat.pickup.harvestcraft.stockitem":8,"stat.craftItem.wct.wct":0,"stat.mineBlock.minecraft.spruce_fence":6,"stat.pickup.mysticalagriculture.aquamarine_essence":527,"stat.drop.mysticalagriculture.nether_seeds":1,"stat.craftItem.tconstruct.seared_tank":1,"stat.pickup.mysticalagriculture.gold_seeds":37,"stat.pickup.harvestcraft.milletseeditem":1,"stat.craftItem.harvestcraft.currypowderitem":32,"stat.useItem.harvestcraft.blueberrymuffinitem":1,"stat.pickup.harvestcraft.raspberryseeditem":1,"stat.craftItem.draconicevolution.wyvern_boots":0,"stat.pickup.mysticalagriculture.sapphire_essence":9,"stat.pickup.enderio.item_basic_item_filter":8,"stat.mineBlock.astralsorcery.blockattunementaltar":3,"stat.useItem.botania.specialflower":1,"stat.pickup.mekanism.machineblock":19,"stat.mineBlock.astralsorcery.blockcollectorcrystal":39,"stat.useItem.appliedenergistics2.encoded_pattern":13,"stat.pickup.minecraft.tallgrass":31,"stat.drop.botania.manatablet":1,"stat.pickup.mysticalagriculture.dye_essence":46,"stat.craftItem.tconstruct.smeltery_controller":1,"stat.useItem.harvestcraft.cantaloupeitem":1,"stat.craftItem.appliedenergistics2.security_station":0,"stat.craftItem.minecraft.snow":0,"stat.useItem.storagedrawers.quantify_key":2,"stat.craftItem.harvestcraft.driedsoupitem":9,"stat.drop.mekanism.configurator":1,"stat.craftItem.storagedrawers.tape":0,"stat.pickup.mysticalagriculture.experience_seeds":25,"stat.pickup.chisel.bricks":4,"stat.craftItem.appliedenergistics2.controller":0,"stat.pickup.mysticalagriculture.mystical_flower_seeds":41,"stat.useItem.minecraft.beetroot":13,"stat.drop.mysticalagriculture.grains_of_infinity_seeds":1,"stat.pickup.minecraft.chest":2,"stat.useItem.appliedenergistics2.controller":98,"stat.useItem.harvestcraft.friesitem":3,"stat.craftItem.minecraft.stone_brick_stairs":120,"stat.craftItem.botania.rainbowrod":2,"stat.useItem.harvestcraft.ricecakeitem":1,"stat.mineBlock.minecraft.diamond_block":18,"stat.pickup.mysticalagriculture.saltpeter_essence":2,"stat.pickup.mysticalagriculture.certus_quartz_essence":436,"stat.drop.mysticalagriculture.wood_seeds":1,"stat.craftItem.minecraft.golden_chestplate":0,"stat.useItem.harvestcraft.springsaladitem":3,"stat.useItem.projectred-transportation.pipe":2,"stat.craftItem.basemetals.starsteel_sword":1,"stat.pickup.minecraft.gold_block":45,"stat.pickup.appliedenergistics2.material":542,"stat.pickup.mysticalagriculture.sulfur_seeds":1,"stat.pickup.mysticalagriculture.cobalt_seeds":2,"stat.craftItem.harvestcraft.cactusfruitjuiceitem":1,"stat.drop.minecraft.wheat_seeds":4,"stat.useItem.rustic.chair_oak":8,"stat.pickup.enderio.item_ender_food":1,"stat.mineBlock.astralsorcery.blockaltar":7,"stat.craftItem.minecraft.sapling":8,"stat.mineBlock.mekanismgenerators.generator":11,"stat.craftItem.harvestcraft.ricecakeitem":1,"stat.drop.agricraft.sprinkler":3,"stat.pickup.mysticalagriculture.knightslime_essence":8,"stat.craftItem.draconicevolution.tool_upgrade":0,"stat.drop.minecraft.mycelium":1,"stat.craftItem.appliedenergistics2.biometric_card":0,"stat.pickup.mysticalagriculture.cow_essence":27,"stat.useItem.appliedenergistics2.quartz_growth_accelerator":11,"stat.craftItem.thermalexpansion.tank":1,"stat.pickup.mysticalagriculture.marble_seeds":98,"stat.pickup.draconicevolution.energy_crystal":2,"stat.craftItem.minecraft.stone_slab2":2,"stat.pickup.mysticalagriculture.stone_seeds":27,"stat.pickup.mysticalagriculture.rock_crystal_seeds":81,"stat.pickup.openblocks.auto_anvil":1,"stat.pickup.mysticalagriculture.vibrant_alloy_essence":148,"stat.useItem.immersiveengineering.wirecoil":2,"stat.craftItem.openblocks.xp_drain":0,"stat.craftItem.minecraft.stone":2368,"stat.mineBlock.minecraft.crafting_table":6,"stat.useItem.minecraft.carrot":11,"stat.mineBlock.enderio.block_simple_alloy_smelter":1,"stat.pickup.cookingforblockheads.tool_rack":1,"stat.craftItem.minecraft.soul_sand":0,"stat.craftItem.draconicevolution.wyvern_legs":0,"stat.craftItem.harvestcraft.blueberrymuffinitem":2,"stat.mineBlock.astralsorcery.blockcelestialcrystals":14,"stat.drop.tconstruct.mattock":1,"stat.craftItem.draconicevolution.wyvern_bow":0,"stat.mineBlock.appliedenergistics2.drive":4,"stat.useItem.harvestcraft.grapejuiceitem":1,"stat.pickup.mysticalagriculture.redstone_seeds":27,"stat.pickup.minecraft.stone_brick_stairs":30,"stat.pickup.astralsorcery.itemrockcrystalsimple":100,"stat.pickup.minecraft.brick":32,"stat.useItem.storagedrawers.basicdrawers":6,"stat.useItem.openblocks.tank":5,"stat.useItem.harvestcraft.fruitpunchitem":1,"stat.pickup.enderio.item_power_conduit":77,"stat.pickup.mysticalagriculture.nether_essence":410,"stat.mineBlock.astralsorcery.blockstarlightinfuser":7,"stat.craftItem.minecraft.bread":3,"stat.useItem.minecraft.mycelium":1,"stat.useItem.rustic.chandelier":3,"stat.pickup.minecraft.experience_bottle":63,"stat.useItem.harvestcraft.blueberryjellyitem":1,"stat.useItem.astralsorcery.blockcustomore":25,"stat.pickup.harvestcraft.blueberryitem":1,"stat.pickup.minecraft.reeds":18,"stat.pickup.mysticalagriculture.xp_droplet":48,"stat.drop.mysticalagriculture.lead_seeds":1,"stat.pickup.tconstruct.materials":832,"stat.pickup.thermalfoundation.storage_alloy":8,"stat.craftItem.storagedrawers.controller":0,"stat.craftItem.minecraft.baked_potato":2,"stat.pickup.enderio.item_conduit_facade":1,"stat.playerKills":5,"stat.mineBlock.ic2.te":1,"stat.drop.appliedenergistics2.material":8,"stat.mineBlock.enderio.block_fused_glass":6,"stat.pickup.betterbuilderswands.wandunbreakable":2,"stat.pickup.mysticalagriculture.slate_essence":2,"stat.drop.minecraft.emerald":2,"stat.useItem.betterbuilderswands.wandiron":264,"stat.mineBlock.enderio.block_experience_obelisk":1,"stat.pickup.astralsorcery.itemcraftingcomponent":102,"stat.craftItem.minecraft.spruce_fence":45,"stat.craftItem.forestry.slabs.0":18,"stat.craftItem.agricraft.water_channel_valve":12,"stat.useItem.harvestcraft.ryeitem":1,"stat.pickup.harvestcraft.zucchiniseeditem":1,"stat.pickup.minecraft.water_bucket":7,"stat.pickup.mysticalagriculture.energetic_alloy_seeds":56,"stat.useItem.harvestcraft.manjuuitem":1,"stat.mineBlock.tconstruct.casting":2,"stat.craftItem.minecraft.coal_block":42}