{"stat.pickup.minecraft.pumpkin":1,"stat.pickup.harvestcraft.driedsoupitem":1,"stat.pickup.storagedrawers.basicdrawers":1,"stat.pickup.mysticalagriculture.copper_essence":451,"stat.pickup.mysticalagriculture.graphite_essence":470,"stat.mineBlock.storagedrawers.basicdrawers":1,"stat.useItem.minecraft.stone":1,"stat.pickup.agricraft.crop_sticks":548,"stat.leaveGame":4,"stat.useItem.minecraft.glass_bottle":3,"stat.useItem.tconstruct.mattock":73,"stat.useItem.agricraft.water_tank":1,"stat.drop.thermalcultivation.watering_can":3,"stat.pickup.mysticalagriculture.iron_essence":335,"stat.pickup.mysticalagriculture.fire_essence":5,"stat.craftItem.minecraft.coal":12,"stat.drop.mysticalagriculture.iron_seeds":1,"stat.jump":449,"stat.swimOneCm":414,"stat.useItem.minecraft.wooden_hoe":4,"stat.pickup.mysticalagriculture.fire_seeds":1,"stat.fallOneCm":278853,"stat.pickup.minecraft.carrot":1,"stat.pickup.mysticalagriculture.apatite_seeds":2,"stat.crouchOneCm":105322,"stat.craftItem.minecraft.iron_ingot":54,"stat.craftItem.minecraft.torch":48,"stat.craftItem.minecraft.chest":1,"stat.pickup.minecraft.dirt":133,"stat.useItem.minecraft.dirt":283,"stat.pickup.mysticalagriculture.stone_essence":454,"stat.pickup.mysticalagriculture.coal_essence":12,"stat.useItem.minecraft.stone_slab2":62,"stat.useItem.agricraft.crop_sticks":412,"stat.craftingTableInteraction":43,"stat.drop.mysticalagriculture.copper_seeds":15,"stat.pickup.mysticalagriculture.dirt_seeds":5,"stat.craftItem.forestry.planks.0":28,"stat.pickup.mysticalagriculture.apatite_essence":3,"stat.pickup.forestry.slabs.0":1,"stat.damageTaken":70,"stat.useItem.minecraft.furnace":1,"stat.pickup.agricraft.water_tank":4,"stat.pickup.harvestcraft.stockitem":12,"stat.pickup.minecraft.wooden_hoe":1,"stat.craftItem.bigreactors.ingotmetals":160,"stat.drop.tconstruct.shovel_head":1,"stat.flyOneCm":56431,"stat.craftItem.rustic.barrel":2,"stat.pickup.minecraft.glass_bottle":3,"stat.pickup.forestry.planks.0":1,"stat.pickup.minecraft.wheat_seeds":2,"stat.useItem.rustic.barrel":1,"stat.mineBlock.forestry.planks.0":1,"stat.useItem.forestry.planks.0":1,"stat.pickup.minecraft.potato":7,"stat.useItem.harvestcraft.stockitem":3,"stat.drop.mysticalagriculture.fire_essence":1,"stat.drop.minecraft.wheat_seeds":1,"stat.pickup.mysticalagriculture.dirt_essence":343,"stat.damageDealt":20,"stat.drop.mysticalagriculture.dirt_seeds":2,"stat.timeSinceDeath":374888,"stat.craftItem.minecraft.baked_potato":78,"stat.mineBlock.minecraft.dirt":7,"stat.pickup.minecraft.poisonous_potato":1,"stat.drop.mysticalagriculture.dirt_essence":29,"stat.craftItem.minecraft.iron_block":7,"stat.walkOneCm":999467,"stat.mineBlock.forestry.fences.0":2,"stat.useItem.minecraft.torch":3,"stat.mineBlock.forestry.logs.0":2,"stat.pickup.actuallyadditions.item_worm":3,"stat.pickup.forestry.fences.0":2,"stat.craftItem.thermalcultivation.watering_can":1,"stat.furnaceInteraction":14,"stat.drop.questbook.itemquestbook":3,"stat.useItem.actuallyadditions.item_worm":1,"stat.pickup.questbook.itemquestbook":8,"stat.pickup.mysticalagriculture.wood_essence":20,"stat.craftItem.thermalfoundation.material":336,"stat.pickup.mysticalagriculture.graphite_seeds":82,"stat.pickup.mysticalagriculture.water_essence":63,"stat.pickup.mysticalagriculture.stone_seeds":84,"stat.sprintOneCm":225842,"stat.craftItem.minecraft.stick":168,"stat.craftItem.bigreactors.blockmetals":17,"stat.pickup.thermalcultivation.watering_can":4,"stat.craftItem.agricraft.crop_sticks":156,"stat.pickup.agricraft.agri_seed":3,"stat.craftItem.minecraft.bucket":1,"stat.craftItem.minecraft.stone":1568,"stat.pickup.mysticalagriculture.copper_seeds":124,"stat.craftItem.minecraft.dirt":168,"stat.pickup.forestry.logs.0":3,"stat.pickup.tconstruct.shovel_head":2,"stat.craftItem.forestry.slabs.0":6,"stat.craftItem.ic2.resource":36,"stat.drop":38,"stat.playOneMinute":374888,"stat.drop.mysticalagriculture.wood_essence":10,"stat.pickup.minecraft.torch":1,"stat.sneakTime":61981,"stat.pickup.mysticalagriculture.iron_seeds":62,"stat.useItem.minecraft.baked_potato":10,"stat.diveOneCm":10039,"stat.pickup.minecraft.wheat":2}